ID,Intercept,umol.L.sec,Temp.C,Date,Chamber.Channel,Run,Experiment,fed.fasted,Location,Species,subtidal.intertidal,predator.prey,TC,Season ,K,Temp.Cat,Start.time,Stop.Time,rate.type,Organism.ID,Volume,AFDW,Blank,Total.Chamber.Vol.mL,Organism.Vol.mL,Ambient.Temp,umol.sec,blank.rate,umol.sec.corr,umol.cm2.hr,umol.cm2.hr,rate,subtidal.intertidalSeason 
Tpla1_16C,240.2092364,-0.010370646,16.1522037,7/11/23,1,5,Predation,fed,Tijeretas,Tplanospira,subtidal,Predator,25,Warm,289.15,16,10:30:23,10:43:56,R,Tpla1,0.645,3.305,0,675,30,NA,-0.006689067,-0.001603859,-5.09E-03,-5.54E+00,5.53910705,1.877800619,subtidalWarm
Tpla1_20C,243.0507433,-0.024743449,20.07348077,7/11/23,1,5,Predation,fed,Tijeretas,Tplanospira,subtidal,Predator,25,Warm,293.15,20,11:15:08,11:28:14,R,Tpla1,0.645,3.305,0,675,30,NA,-0.015959525,-0.001653741,-1.43E-02,-1.56E+01,15.58269967,2.808359963,subtidalWarm
Tpla1_24C,233.8740641,-0.023122441,23.74964,7/11/23,1,5,Predation,fed,Tijeretas,Tplanospira,subtidal,Predator,25,Warm,297.15,24,11:56:13,12:08:58,R,Tpla1,0.645,3.305,0,675,30,NA,-0.014913974,-0.002105247,-1.28E-02,-1.40E+01,13.95201731,2.704846228,subtidalWarm
Tpla1_26C,218.6845032,-0.019500197,26.34905882,7/11/23,1,5,Predation,fed,Tijeretas,Tplanospira,subtidal,Predator,25,Warm,299.15,26,12:32:21,12:45:14,R,Tpla1,0.645,3.305,0,675,30,NA,-0.012577627,-0.004326732,-8.25E-03,-8.99E+00,8.987359153,2.301320209,subtidalWarm
Tpla1_28C,202.7057816,-0.020726353,28.25809259,7/11/23,1,5,Predation,fed,Tijeretas,Tplanospira,subtidal,Predator,25,Warm,301.15,28,13:07:07,13:20:52,R,Tpla1,0.645,3.305,0,675,30,NA,-0.013368498,-0.00444508,-8.92E-03,-9.72E+00,9.719910681,2.372102824,subtidalWarm
Tpla1_30C,189.6439474,-0.025061701,30.11728846,7/11/23,1,5,Predation,fed,Tijeretas,Tplanospira,subtidal,Predator,25,Warm,303.15,30,13:43:25,13:56:31,R,Tpla1,0.645,3.305,0,675,30,NA,-0.016164797,-0.005549142,-1.06E-02,-1.16E+01,11.56319455,2.530771472,subtidalWarm
Tpla1_32C,180.3163571,-0.023632695,32.12565385,7/11/23,1,5,Predation,fed,Tijeretas,Tplanospira,subtidal,Predator,25,Warm,305.15,32,14:16:21,14:29:27,R,Tpla1,0.645,3.305,0,675,30,NA,-0.015243088,-0.005967198,-9.28E-03,-1.01E+01,10.10384387,2.407291343,subtidalWarm
Tpla1_34C,169.1211693,-0.025099489,33.95986792,7/11/23,1,5,Predation,fed,Tijeretas,Tplanospira,subtidal,Predator,25,Warm,307.15,34,14:47:23,15:00:42,R,Tpla1,0.645,3.305,0,675,30,NA,-0.01618917,-0.006745521,-9.44E-03,-1.03E+01,10.28657682,2.423614128,subtidalWarm
Tpla1_36C,152.4484777,-0.026472742,36.06705769,7/11/23,1,5,Predation,fed,Tijeretas,Tplanospira,subtidal,Predator,25,Warm,309.15,36,15:21:53,15:35:07,R,Tpla1,0.645,3.305,0,675,30,NA,-0.017074919,-0.004836013,-1.22E-02,-1.33E+01,13.33133483,2.662448387,subtidalWarm
Tpla1_40C,142.6465345,-0.021288177,39.06147368,7/11/23,1,5,Predation,fed,Tijeretas,Tplanospira,subtidal,Predator,25,Warm,313.15,40,16:07:36,16:22:05,R,Tpla1,0.645,3.305,0,675,30,NA,-0.013730874,-0.004492903,-9.24E-03,-1.01E+01,10.06254027,2.403564651,subtidalWarm
Tpla1_42C,130.0295184,-0.013955719,41.36874074,7/11/23,1,5,Predation,fed,Tijeretas,Tplanospira,subtidal,Predator,25,Warm,315.15,42,16:45:36,16:59:18,R,Tpla1,0.645,3.305,0,675,30,NA,-0.009001439,-0.007502719,-1.50E-03,-1.63E+00,1.632493797,0.967931609,subtidalWarm
Tpla2_16C,255.4570003,-0.006630952,16.12325926,7/11/23,2,5,Predation,fed,Tijeretas,Tplanospira,subtidal,Predator,25,Warm,289.15,16,10:30:24,10:43:59,R,Tpla2,0.665,1.774,0,675,10,NA,-0.004409583,-0.001603859,-2.81E-03,-5.69E+00,5.693690192,1.90116532,subtidalWarm
Tpla2_20C,258.652442,-0.01072077,20.12386538,7/11/23,2,5,Predation,fed,Tijeretas,Tplanospira,subtidal,Predator,25,Warm,293.15,20,11:15:10,11:28:17,R,Tpla2,0.665,1.774,0,675,10,NA,-0.007129312,-0.001653741,-5.48E-03,-1.11E+01,11.11164352,2.494167264,subtidalWarm
Tpla2_24C,249.5212515,-0.011753156,23.49658,7/11/23,2,5,Predation,fed,Tijeretas,Tplanospira,subtidal,Predator,25,Warm,297.15,24,11:56:17,12:09:02,R,Tpla2,0.665,1.774,0,675,10,NA,-0.007815849,-0.002105247,-5.71E-03,-1.16E+01,11.58859481,2.53279123,subtidalWarm
Tpla2_26C,235.5210831,-0.014740592,26.41445098,7/11/23,2,5,Predation,fed,Tijeretas,Tplanospira,subtidal,Predator,25,Warm,299.15,26,12:32:23,12:45:16,R,Tpla2,0.665,1.774,0,675,10,NA,-0.009802494,-0.004326732,-5.48E-03,-1.11E+01,11.11203112,2.494199266,subtidalWarm
Tpla2_28C,221.9646576,-0.015117224,28.32416667,7/11/23,2,5,Predation,fed,Tijeretas,Tplanospira,subtidal,Predator,25,Warm,301.15,28,13:07:10,13:20:55,R,Tpla2,0.665,1.774,0,675,10,NA,-0.010052954,-0.00444508,-5.61E-03,-1.14E+01,11.38012762,2.516092576,subtidalWarm
Tpla2_30C,208.9421336,-0.016535679,30.04738462,7/11/23,2,5,Predation,fed,Tijeretas,Tplanospira,subtidal,Predator,25,Warm,303.15,30,13:43:28,13:56:36,R,Tpla2,0.665,1.774,0,675,10,NA,-0.010996227,-0.005549142,-5.45E-03,-1.11E+01,11.05383653,2.489382993,subtidalWarm
Tpla2_32C,195.4634933,-0.019593917,32.20351923,7/11/23,2,5,Predation,fed,Tijeretas,Tplanospira,subtidal,Predator,25,Warm,305.15,32,14:16:23,14:29:30,R,Tpla2,0.665,1.774,0,675,10,NA,-0.013029955,-0.005967198,-7.06E-03,-1.43E+01,14.33253957,2.729977339,subtidalWarm
Tpla2_34C,181.7506701,-0.021298494,33.89675472,7/11/23,2,5,Predation,fed,Tijeretas,Tplanospira,subtidal,Predator,25,Warm,307.15,34,14:47:25,15:00:45,R,Tpla2,0.665,1.774,0,675,10,NA,-0.014163499,-0.006745521,-7.42E-03,-1.51E+01,15.05339391,2.775920286,subtidalWarm
Tpla2_36C,167.1769545,-0.02283545,35.89155769,7/11/23,2,5,Predation,fed,Tijeretas,Tplanospira,subtidal,Predator,25,Warm,309.15,36,15:21:59,15:35:09,R,Tpla2,0.665,1.774,0,675,10,NA,-0.015185574,-0.004836013,-1.03E-02,-2.10E+01,21.00249132,3.091155689,subtidalWarm
Tpla2_40C,149.6934275,-0.016649522,39.26396296,7/11/23,2,5,Predation,fed,Tijeretas,Tplanospira,subtidal,Predator,25,Warm,313.15,40,16:08:36,16:22:08,R,Tpla2,0.665,1.774,0,675,10,NA,-0.011071932,-0.004492903,-6.58E-03,-1.34E+01,13.3509044,2.663812965,subtidalWarm
Tpla2_42C,134.3563998,-0.017756078,41.72292593,7/11/23,2,5,Predation,fed,Tijeretas,Tplanospira,subtidal,Predator,25,Warm,315.15,42,16:45:38,16:59:21,R,Tpla2,0.665,1.774,0,675,10,NA,-0.011807792,-0.007502719,-4.31E-03,-8.74E+00,8.736337542,2.275865025,subtidalWarm
Tpla3_16C,237.3713058,-0.015815958,16.25192593,7/11/23,3,5,Predation,fed,Tijeretas,Tplanospira,subtidal,Predator,25,Warm,289.15,16,10:30:27,10:44:02,R,Tpla3,0.625,5.523,0,675,50,NA,-0.009884974,-0.001603859,-8.28E-03,-5.40E+00,5.39779359,1.855953179,subtidalWarm
Tpla3_20C,240.1091042,-0.021412659,20.24426923,7/11/23,3,5,Predation,fed,Tijeretas,Tplanospira,subtidal,Predator,25,Warm,293.15,20,11:15:16,11:28:20,R,Tpla3,0.625,5.523,0,675,50,NA,-0.013382912,-0.001653741,-1.17E-02,-7.65E+00,7.645304291,2.157016317,subtidalWarm
Tpla3_24C,226.7121622,-0.022072706,23.41074,7/11/23,3,5,Predation,fed,Tijeretas,Tplanospira,subtidal,Predator,25,Warm,297.15,24,11:56:20,12:09:05,R,Tpla3,0.625,5.523,0,675,50,NA,-0.013795441,-0.002105247,-1.17E-02,-7.62E+00,7.619898316,2.154073288,subtidalWarm
Tpla3_26C,218.8884408,-0.027063964,26.34501961,7/11/23,3,5,Predation,fed,Tijeretas,Tplanospira,subtidal,Predator,25,Warm,299.15,26,12:32:27,12:45:19,R,Tpla3,0.625,5.523,0,675,50,NA,-0.016914978,-0.004326732,-1.26E-02,-8.21E+00,8.205266268,2.219775741,subtidalWarm
Tpla3_28C,206.7404775,-0.030777615,28.24085185,7/11/23,3,5,Predation,fed,Tijeretas,Tplanospira,subtidal,Predator,25,Warm,301.15,28,13:07:14,13:20:58,R,Tpla3,0.625,5.523,0,675,50,NA,-0.019236009,-0.00444508,-1.48E-02,-9.64E+00,9.64101836,2.36471619,subtidalWarm
Tpla3_30C,190.5019622,-0.03292097,30.06586275,7/11/23,3,5,Predation,fed,Tijeretas,Tplanospira,subtidal,Predator,25,Warm,303.15,30,13:43:45,13:56:40,R,Tpla3,0.625,5.523,0,675,50,NA,-0.020575606,-0.005549142,-1.50E-02,-9.79E+00,9.794544704,2.379040887,subtidalWarm
Tpla3_32C,191.0219056,-0.036334487,32.11096154,7/11/23,3,5,Predation,fed,Tijeretas,Tplanospira,subtidal,Predator,25,Warm,305.15,32,14:16:25,14:29:32,R,Tpla3,0.625,5.523,0,675,50,NA,-0.022709054,-0.005967198,-1.67E-02,-1.09E+01,10.91267094,2.477602619,subtidalWarm
Tpla3_34C,172.2798446,-0.032457577,33.74469811,7/11/23,3,5,Predation,fed,Tijeretas,Tplanospira,subtidal,Predator,25,Warm,307.15,34,14:47:29,15:00:48,R,Tpla3,0.625,5.523,0,675,50,NA,-0.020285986,-0.006745521,-1.35E-02,-8.83E+00,8.825941336,2.285025963,subtidalWarm
Tpla3_36C,150.3554929,-0.033965287,35.91878846,7/11/23,3,5,Predation,fed,Tijeretas,Tplanospira,subtidal,Predator,25,Warm,309.15,36,15:22:02,15:35:13,R,Tpla3,0.625,5.523,0,675,50,NA,-0.021228304,-0.004836013,-1.64E-02,-1.07E+01,10.6848176,2.458290358,subtidalWarm
Tpla3_40C,138.2168046,-0.02006934,39.32863793,7/11/23,3,5,Predation,fed,Tijeretas,Tplanospira,subtidal,Predator,25,Warm,313.15,40,16:07:40,16:22:11,R,Tpla3,0.625,5.523,0,675,50,NA,-0.012543338,-0.004492903,-8.05E-03,-5.25E+00,5.247431831,1.832170472,subtidalWarm
Tpla3_42C,127.3643554,-0.01797793,41.34792157,7/11/23,3,5,Predation,fed,Tijeretas,Tplanospira,subtidal,Predator,25,Warm,315.15,42,16:46:35,16:59:25,R,Tpla3,0.625,5.523,0,675,50,NA,-0.011236206,-0.007502719,-3.73E-03,-2.43E+00,2.433560239,1.233597693,subtidalWarm
Tpla4_16C,216.5174953,-0.007234607,15.90012963,7/11/23,4,5,Predation,fed,Tijeretas,Tplanospira,subtidal,Predator,25,Warm,289.15,16,10:30:32,10:44:06,R,Tpla4,0.64,3.553,0,675,35,NA,-0.004630148,-0.001603859,-3.03E-03,-3.07E+00,3.066321531,1.40273879,subtidalWarm
Tpla4_20C,218.2428999,-0.013289148,20.06073077,7/11/23,4,5,Predation,fed,Tijeretas,Tplanospira,subtidal,Predator,25,Warm,293.15,20,11:15:20,11:28:23,R,Tpla4,0.64,3.553,0,675,35,NA,-0.008505055,-0.001653741,-6.85E-03,-6.94E+00,6.941944948,2.072158201,subtidalWarm
Tpla4_24C,208.6100501,-0.015940669,23.62114,7/11/23,4,5,Predation,fed,Tijeretas,Tplanospira,subtidal,Predator,25,Warm,297.15,24,11:56:24,12:09:08,R,Tpla4,0.64,3.553,0,675,35,NA,-0.010202028,-0.002105247,-8.10E-03,-8.20E+00,8.203887307,2.219625928,subtidalWarm
Tpla4_26C,196.8831722,-0.018083711,26.27990196,7/11/23,4,5,Predation,fed,Tijeretas,Tplanospira,subtidal,Predator,25,Warm,299.15,26,12:32:31,12:45:22,R,Tpla4,0.64,3.553,0,675,35,NA,-0.011573575,-0.004326732,-7.25E-03,-7.34E+00,7.342706108,2.121387637,subtidalWarm
Tpla4_28C,184.1272056,-0.02123568,28.20737037,7/11/23,4,5,Predation,fed,Tijeretas,Tplanospira,subtidal,Predator,25,Warm,301.15,28,13:07:17,13:21:01,R,Tpla4,0.64,3.553,0,675,35,NA,-0.013590835,-0.00444508,-9.15E-03,-9.27E+00,9.266737405,2.328909291,subtidalWarm
Tpla4_30C,168.6173297,-0.021946517,29.97819608,7/11/23,4,5,Predation,fed,Tijeretas,Tplanospira,subtidal,Predator,25,Warm,303.15,30,13:43:49,13:56:44,R,Tpla4,0.64,3.553,0,675,35,NA,-0.014045771,-0.005549142,-8.50E-03,-8.61E+00,8.609024599,2.262702719,subtidalWarm
Tpla4_32C,162.2252844,-0.023768451,32.041,7/11/23,4,5,Predation,fed,Tijeretas,Tplanospira,subtidal,Predator,25,Warm,305.15,32,14:16:27,14:29:35,R,Tpla4,0.64,3.553,0,675,35,NA,-0.015211809,-0.005967198,-9.24E-03,-9.37E+00,9.366901098,2.338618144,subtidalWarm
Tpla4_34C,151.8497467,-0.028765386,33.67616981,7/11/23,4,5,Predation,fed,Tijeretas,Tplanospira,subtidal,Predator,25,Warm,307.15,34,14:47:33,15:00:51,R,Tpla4,0.64,3.553,0,675,35,NA,-0.018409847,-0.006745521,-1.17E-02,-1.18E+01,11.81862471,2.550899169,subtidalWarm
Tpla4_36C,133.3350392,-0.026165229,35.6645,7/11/23,4,5,Predation,fed,Tijeretas,Tplanospira,subtidal,Predator,25,Warm,309.15,36,15:22:05,15:35:16,R,Tpla4,0.64,3.553,0,675,35,NA,-0.016745747,-0.004836013,-1.19E-02,-1.21E+01,12.06727903,2.570111322,subtidalWarm
Tpla4_40C,124.5480771,-0.013975508,39.39287931,7/11/23,4,5,Predation,fed,Tijeretas,Tplanospira,subtidal,Predator,25,Warm,313.15,40,16:07:42,16:22:14,R,Tpla4,0.64,3.553,0,675,35,NA,-0.008944325,-0.004492903,-4.45E-03,-4.51E+00,4.510306558,1.706620258,subtidalWarm
Tpla4_42C,113.8742358,-0.014688671,41.27612245,7/11/23,4,5,Predation,fed,Tijeretas,Tplanospira,subtidal,Predator,25,Warm,315.15,42,16:46:44,16:59:15,R,Tpla4,0.64,3.553,0,675,35,NA,-0.009400749,-0.007502719,-1.90E-03,-1.92E+00,1.92313763,1.07265757,subtidalWarm
Tpla5_16C,298.6991572,-0.010879848,16.3200566,7/11/23,5,5,Predation,fed,Tijeretas,Tplanospira,subtidal,Predator,25,Warm,289.15,16,10:30:37,10:44:08,R,Tpla5,0.63,5.078,0,675,45,NA,-0.006854304,-0.001603859,-5.25E-03,-3.72E+00,3.722253249,1.552286069,subtidalWarm
Tpla5_20C,300.8609023,-0.024222112,20.05661538,7/11/23,5,5,Predation,fed,Tijeretas,Tplanospira,subtidal,Predator,25,Warm,293.15,20,11:15:23,11:28:25,R,Tpla5,0.63,5.078,0,675,45,NA,-0.015259931,-0.001653741,-1.36E-02,-9.65E+00,9.645979519,2.365182311,subtidalWarm
Tpla5_24C,286.5708137,-0.026603054,23.60232,7/11/23,5,5,Predation,fed,Tijeretas,Tplanospira,subtidal,Predator,25,Warm,297.15,24,11:56:27,12:09:12,R,Tpla5,0.63,5.078,0,675,45,NA,-0.016759924,-0.002105247,-1.47E-02,-1.04E+01,10.38929445,2.432673831,subtidalWarm
Tpla5_26C,277.9599824,-0.020644464,26.37705882,7/11/23,5,5,Predation,fed,Tijeretas,Tplanospira,subtidal,Predator,25,Warm,299.15,26,12:32:35,12:45:25,R,Tpla5,0.63,5.078,0,675,45,NA,-0.013006012,-0.004326732,-8.68E-03,-6.15E+00,6.153093344,1.967544899,subtidalWarm
Tpla5_28C,262.1716192,-0.023812896,28.26353704,7/11/23,5,5,Predation,fed,Tijeretas,Tplanospira,subtidal,Predator,25,Warm,301.15,28,13:07:21,13:21:04,R,Tpla5,0.63,5.078,0,675,45,NA,-0.015002124,-0.00444508,-1.06E-02,-7.48E+00,7.484316345,2.138219323,subtidalWarm
Tpla5_30C,244.2517875,-0.031619236,29.98168627,7/11/23,5,5,Predation,fed,Tijeretas,Tplanospira,subtidal,Predator,25,Warm,303.15,30,13:43:53,13:56:47,R,Tpla5,0.63,5.078,0,675,45,NA,-0.019920119,-0.005549142,-1.44E-02,-1.02E+01,10.18816802,2.414856793,subtidalWarm
Tpla5_32C,229.9158898,-0.033724462,32.05528846,7/11/23,5,5,Predation,fed,Tijeretas,Tplanospira,subtidal,Predator,25,Warm,305.15,32,14:16:30,14:29:37,R,Tpla5,0.63,5.078,0,675,45,NA,-0.021246411,-0.005967198,-1.53E-02,-1.08E+01,10.83205333,2.470812233,subtidalWarm
Tpla5_34C,215.3125937,-0.053404505,33.73616981,7/11/23,5,5,Predation,fed,Tijeretas,Tplanospira,subtidal,Predator,25,Warm,307.15,34,14:47:37,15:00:54,R,Tpla5,0.63,5.078,0,675,45,NA,-0.033644838,-0.006745521,-2.69E-02,-1.91E+01,19.07001599,2.99922696,subtidalWarm
Tpla5_36C,194.1528503,-0.061050323,35.73067308,7/11/23,5,5,Predation,fed,Tijeretas,Tplanospira,subtidal,Predator,25,Warm,309.15,36,15:22:09,15:35:18,R,Tpla5,0.63,5.078,0,675,45,NA,-0.038461703,-0.004836013,-3.36E-02,-2.38E+01,23.83861442,3.212399475,subtidalWarm
Tpla5_40C,163.1260566,-0.028659341,39.822,7/11/23,5,5,Predation,fed,Tijeretas,Tplanospira,subtidal,Predator,25,Warm,313.15,40,16:13:13,16:22:17,R,Tpla5,0.63,5.078,0,675,45,NA,-0.018055385,-0.004492903,-1.36E-02,-9.61E+00,9.614993147,2.36226745,subtidalWarm
Tpla5_42C,161.4557312,-0.029714357,41.118,7/11/23,5,5,Predation,fed,Tijeretas,Tplanospira,subtidal,Predator,25,Warm,315.15,42,16:45:46,16:59:30,R,Tpla5,0.63,5.078,0,675,45,NA,-0.018720045,-0.007502719,-1.12E-02,-7.95E+00,7.952417015,2.191923553,subtidalWarm
Tpla7_16C,231.9196496,-0.010726928,16.29022642,7/11/23,7,5,Predation,fed,Tijeretas,Tplanospira,subtidal,Predator,25,Warm,289.15,16,10:30:44,10:44:14,R,Tpla7,0.625,3.103,0,675,50,NA,-0.00670433,-0.001603859,-5.10E-03,-5.92E+00,5.917401096,1.934040135,subtidalWarm
Tpla7_20C,231.837025,-0.015173821,20.155,7/11/23,7,5,Predation,fed,Tijeretas,Tplanospira,subtidal,Predator,25,Warm,293.15,20,11:15:30,11:28:32,R,Tpla7,0.625,3.103,0,675,50,NA,-0.009483638,-0.001653741,-7.83E-03,-9.08E+00,9.083992652,2.310949281,subtidalWarm
Tpla7_24C,224.4253983,-0.016412849,23.87456,7/11/23,7,5,Predation,fed,Tijeretas,Tplanospira,subtidal,Predator,25,Warm,297.15,24,11:56:35,12:09:19,R,Tpla7,0.625,3.103,0,675,50,NA,-0.010258031,-0.002105247,-8.15E-03,-9.46E+00,9.458595682,2.347424194,subtidalWarm
Tpla7_26C,212.3737672,-0.021037176,26.41354902,7/11/23,7,5,Predation,fed,Tijeretas,Tplanospira,subtidal,Predator,25,Warm,299.15,26,12:32:41,12:45:34,R,Tpla7,0.625,3.103,0,675,50,NA,-0.013148235,-0.004326732,-8.82E-03,-1.02E+01,10.23442179,2.418982439,subtidalWarm
Tpla7_28C,196.6725051,-0.022502053,28.36335185,7/11/23,7,5,Predation,fed,Tijeretas,Tplanospira,subtidal,Predator,25,Warm,301.15,28,13:07:29,13:21:11,R,Tpla7,0.625,3.103,0,675,50,NA,-0.014063783,-0.00444508,-9.62E-03,-1.12E+01,11.15930738,2.498094916,subtidalWarm
Tpla7_30C,185.5516701,-0.026748005,30.0517451,7/11/23,7,5,Predation,fed,Tijeretas,Tplanospira,subtidal,Predator,25,Warm,303.15,30,13:44:05,13:56:53,R,Tpla7,0.625,3.103,0,675,50,NA,-0.016717503,-0.005549142,-1.12E-02,-1.30E+01,12.95717035,2.63599338,subtidalWarm
Tpla7_32C,170.487143,-0.027637389,32.32434615,7/11/23,7,5,Predation,fed,Tijeretas,Tplanospira,subtidal,Predator,25,Warm,305.15,32,14:16:34,14:29:45,R,Tpla7,0.625,3.103,0,675,50,NA,-0.017273368,-0.005967198,-1.13E-02,-1.31E+01,13.11705189,2.647383421,subtidalWarm
Tpla7_34C,163.9236106,-0.031595796,33.88539623,7/11/23,7,5,Predation,fed,Tijeretas,Tplanospira,subtidal,Predator,25,Warm,307.15,34,14:47:46,15:01:03,R,Tpla7,0.625,3.103,0,675,50,NA,-0.019747373,-0.006745521,-1.30E-02,-1.51E+01,15.08432717,2.77784533,subtidalWarm
Tpla7_36C,147.4358842,-0.030485222,35.67536538,7/11/23,7,5,Predation,fed,Tijeretas,Tplanospira,subtidal,Predator,25,Warm,309.15,36,15:22:15,15:35:26,R,Tpla7,0.625,3.103,0,675,50,NA,-0.019053264,-0.004836013,-1.42E-02,-1.65E+01,16.49439368,2.861880468,subtidalWarm
Tpla7_40C,134.1481718,-0.014902505,39.20159649,7/11/23,7,5,Predation,fed,Tijeretas,Tplanospira,subtidal,Predator,25,Warm,313.15,40,16:07:52,16:22:23,R,Tpla7,0.625,3.103,0,675,50,NA,-0.009314066,-0.004492903,-4.82E-03,-5.59E+00,5.593357009,1.886062628,subtidalWarm
Tpla7_42C,123.6143191,-0.014574816,41.36762963,7/11/23,7,5,Predation,fed,Tijeretas,Tplanospira,subtidal,Predator,25,Warm,315.15,42,16:45:52,16:59:36,R,Tpla7,0.625,3.103,0,675,50,NA,-0.00910926,-0.007502719,-1.61E-03,-1.86E+00,1.863856784,1.052169242,subtidalWarm
Tpla8_16C,244.155737,-0.008322986,16.23790566,7/11/23,8,5,Predation,fed,Tijeretas,Tplanospira,subtidal,Predator,25,Warm,289.15,16,10:30:47,10:44:17,R,Tpla8,0.63,3.157,0,675,45,NA,-0.005243481,-0.001603859,-3.64E-03,-4.15E+00,4.150345011,1.639063705,subtidalWarm
Tpla8_20C,242.8252935,-0.010210205,20.02656863,7/11/23,8,5,Predation,fed,Tijeretas,Tplanospira,subtidal,Predator,25,Warm,293.15,20,11:15:34,11:28:35,R,Tpla8,0.63,3.157,0,675,45,NA,-0.006432429,-0.001653741,-4.78E-03,-5.45E+00,5.449248274,1.863963577,subtidalWarm
Tpla8_24C,230.6296507,-0.022842787,22.87696,7/11/23,8,5,Predation,fed,Tijeretas,Tplanospira,subtidal,Predator,25,Warm,297.15,24,11:56:39,12:09:23,R,Tpla8,0.63,3.157,0,675,45,NA,-0.014390956,-0.002105247,-1.23E-02,-1.40E+01,14.00967767,2.708695171,subtidalWarm
Tpla8_26C,219.4789256,-0.021104631,26.35121569,7/11/23,8,5,Predation,fed,Tijeretas,Tplanospira,subtidal,Predator,25,Warm,299.15,26,12:32:46,12:45:37,R,Tpla8,0.63,3.157,0,675,45,NA,-0.013295918,-0.004326732,-8.97E-03,-1.02E+01,10.22776991,2.418390166,subtidalWarm
Tpla8_28C,207.4114112,-0.02568343,28.147,7/11/23,8,5,Predation,fed,Tijeretas,Tplanospira,subtidal,Predator,25,Warm,301.15,28,13:07:32,13:21:15,R,Tpla8,0.63,3.157,0,675,45,NA,-0.016180561,-0.00444508,-1.17E-02,-1.34E+01,13.38223997,2.66599411,subtidalWarm
Tpla8_30C,192.7272576,-0.026755188,30.00958824,7/11/23,8,5,Predation,fed,Tijeretas,Tplanospira,subtidal,Predator,25,Warm,303.15,30,13:44:08,13:56:56,R,Tpla8,0.63,3.157,0,675,45,NA,-0.016855768,-0.005549142,-1.13E-02,-1.29E+01,12.89320672,2.631399995,subtidalWarm
Tpla8_32C,180.731297,-0.027229648,32.05682692,7/11/23,8,5,Predation,fed,Tijeretas,Tplanospira,subtidal,Predator,25,Warm,305.15,32,14:16:36,14:29:49,R,Tpla8,0.63,3.157,0,675,45,NA,-0.017154678,-0.005967198,-1.12E-02,-1.28E+01,12.75734178,2.621572629,subtidalWarm
Tpla8_34C,170.4955476,-0.035313103,33.83815094,7/11/23,8,5,Predation,fed,Tijeretas,Tplanospira,subtidal,Predator,25,Warm,307.15,34,14:47:49,15:01:06,R,Tpla8,0.63,3.157,0,675,45,NA,-0.022247255,-0.006745521,-1.55E-02,-1.77E+01,17.67698524,2.92729203,subtidalWarm
Tpla8_36C,151.8931603,-0.031851498,35.70363462,7/11/23,8,5,Predation,fed,Tijeretas,Tplanospira,subtidal,Predator,25,Warm,309.15,36,15:22:18,15:35:29,R,Tpla8,0.63,3.157,0,675,45,NA,-0.020066444,-0.004836013,-1.52E-02,-1.74E+01,17.36761216,2.910588905,subtidalWarm
Tpla8_40C,138.7141776,-0.018481691,39.24205263,7/11/23,8,5,Predation,fed,Tijeretas,Tplanospira,subtidal,Predator,25,Warm,313.15,40,16:07:55,16:22:26,R,Tpla8,0.63,3.157,0,675,45,NA,-0.011643465,-0.004492903,-7.15E-03,-8.15E+00,8.153950966,2.214185586,subtidalWarm
Tpla8_42C,129.1017057,-0.017210049,41.32292453,7/11/23,8,5,Predation,fed,Tijeretas,Tplanospira,subtidal,Predator,25,Warm,315.15,42,16:46:15,16:59:40,R,Tpla8,0.63,3.157,0,675,45,NA,-0.010842331,-0.007502719,-3.34E-03,-3.81E+00,3.80823668,1.570330422,subtidalWarm
Tpla9_16C,303.4314683,-0.007739632,16.21043396,7/11/23,9,5,Predation,fed,Tijeretas,Tplanospira,subtidal,Predator,25,Warm,289.15,16,10:30:54,10:44:20,R,Tpla9,0.64,1.378,0,675,35,NA,-0.004953364,-0.001603859,-3.35E-03,-8.75E+00,8.750521045,2.277320724,subtidalWarm
Tpla9_20C,306.0293268,-0.008487437,20.08468627,7/11/23,9,5,Predation,fed,Tijeretas,Tplanospira,subtidal,Predator,25,Warm,293.15,20,11:15:38,11:28:38,R,Tpla9,0.64,1.378,0,675,35,NA,-0.00543196,-0.001653741,-3.78E-03,-9.87E+00,9.870528592,2.386055328,subtidalWarm
Tpla9_24C,292.4989537,-0.01024641,23.37636,7/11/23,9,5,Predation,fed,Tijeretas,Tplanospira,subtidal,Predator,25,Warm,297.15,24,11:56:44,12:09:27,R,Tpla9,0.64,1.378,0,675,35,NA,-0.006557702,-0.002105247,-4.45E-03,-1.16E+01,11.63195791,2.536229945,subtidalWarm
Tpla9_26C,280.7480793,-0.01308108,26.34005882,7/11/23,9,5,Predation,fed,Tijeretas,Tplanospira,subtidal,Predator,25,Warm,299.15,26,12:32:51,12:45:40,R,Tpla9,0.64,1.378,0,675,35,NA,-0.008371891,-0.004326732,-4.05E-03,-1.06E+01,10.5679045,2.44823441,subtidalWarm
Tpla9_28C,267.6076531,-0.015539323,28.23948148,7/11/23,9,5,Predation,fed,Tijeretas,Tplanospira,subtidal,Predator,25,Warm,301.15,28,13:07:36,13:21:18,R,Tpla9,0.64,1.378,0,675,35,NA,-0.009945167,-0.00444508,-5.50E-03,-1.44E+01,14.3688775,2.732344523,subtidalWarm
Tpla9_30C,247.9165927,-0.018446341,29.93766667,7/11/23,9,5,Predation,fed,Tijeretas,Tplanospira,subtidal,Predator,25,Warm,303.15,30,13:44:11,13:57:02,R,Tpla9,0.64,1.378,0,675,35,NA,-0.011805658,-0.005549142,-6.26E-03,-1.63E+01,16.34503454,2.853306272,subtidalWarm
Tpla9_32C,232.9295171,-0.021735163,32.07048077,7/11/23,9,5,Predation,fed,Tijeretas,Tplanospira,subtidal,Predator,25,Warm,305.15,32,14:16:38,14:29:51,R,Tpla9,0.64,1.378,0,675,35,NA,-0.013910504,-0.005967198,-7.94E-03,-2.08E+01,20.75174282,3.079693884,subtidalWarm
Tpla9_34C,217.6203574,-0.024970893,33.85081132,7/11/23,9,5,Predation,fed,Tijeretas,Tplanospira,subtidal,Predator,25,Warm,307.15,34,14:47:53,15:01:10,R,Tpla9,0.64,1.378,0,675,35,NA,-0.015981372,-0.006745521,-9.24E-03,-2.41E+01,24.12849318,3.224002389,subtidalWarm
Tpla9_36C,205.6632689,-0.02375362,35.78661538,7/11/23,9,5,Predation,fed,Tijeretas,Tplanospira,subtidal,Predator,25,Warm,309.15,36,15:22:21,15:35:32,R,Tpla9,0.64,1.378,0,675,35,NA,-0.015202317,-0.004836013,-1.04E-02,-2.71E+01,27.08178113,3.335121008,subtidalWarm
Tpla9_40C,179.4510572,-0.013629002,39.34453448,7/11/23,9,5,Predation,fed,Tijeretas,Tplanospira,subtidal,Predator,25,Warm,313.15,40,16:07:58,16:22:30,R,Tpla9,0.64,1.378,0,675,35,NA,-0.008722561,-0.004492903,-4.23E-03,-1.10E+01,11.04990479,2.489056759,subtidalWarm
Tpla9_42C,164.5695991,-0.011444738,41.25318519,7/11/23,9,5,Predation,fed,Tijeretas,Tplanospira,subtidal,Predator,25,Warm,315.15,42,16:45:58,16:59:43,R,Tpla9,0.64,1.378,0,675,35,NA,-0.007324632,-0.007502719,1.78E-04,4.65E-01,0.465249057,0.382025233,subtidalWarm
Vmel1_20C,228.9740695,-0.010663146,20.2689,7/4/23,1,1,Predation,fed,Tijeretas,Vmelones,subtidal,Predator,25,Warm,293.15,20,10:51:32,11:06:38,R,Vmel1,0.615,3.832,0,675,60,NA,-0.006557835,-0.002327877,-4.23E-03,-3.97E+00,3.973864509,1.604197105,subtidalWarm
Vmel1_24C,203.5827453,-0.021516311,24.20572414,7/4/23,1,1,Predation,fed,Tijeretas,Vmelones,subtidal,Predator,25,Warm,297.15,24,11:39:55,11:54:30,R,Vmel1,0.615,3.832,0,675,60,NA,-0.013232531,-0.002487644,-1.07E-02,-1.01E+01,10.09436148,2.406437004,subtidalWarm
Vmel1_26C,198.4157349,-0.012495027,25.70654098,7/4/23,1,1,Predation,fed,Tijeretas,Vmelones,subtidal,Predator,25,Warm,299.15,26,12:21:41,12:37:04,R,Vmel1,0.615,3.832,0,675,60,NA,-0.007684442,-0.00263737,-5.05E-03,-4.74E+00,4.741508142,1.747721918,subtidalWarm
Vmel1_28C,196.9057225,-0.013567238,27.6422069,7/4/23,1,1,Predation,fed,Tijeretas,Vmelones,subtidal,Predator,25,Warm,301.15,28,13:01:23,13:16:05,R,Vmel1,0.615,3.832,0,675,60,NA,-0.008343851,-0.002317966,-6.03E-03,-5.66E+00,5.661061065,1.896278791,subtidalWarm
Vmel1_30C,192.9783651,-0.015152229,29.15043243,7/4/23,1,1,Predation,fed,Tijeretas,Vmelones,subtidal,Predator,25,Warm,303.15,30,13:38:41,13:57:25,R,Vmel1,0.615,3.832,0,675,60,NA,-0.009318621,-0.003444939,-5.87E-03,-5.52E+00,5.51807286,1.874578759,subtidalWarm
Vmel1_32C,176.704667,-0.019518818,31.81623333,7/4/23,1,1,Predation,fed,Tijeretas,Vmelones,subtidal,Predator,25,Warm,305.15,32,14:06:39,14:21:45,R,Vmel1,0.615,3.832,0,675,60,NA,-0.012004073,-0.00437244,-7.63E-03,-7.17E+00,7.169592589,2.100419041,subtidalWarm
Vmel1_34C,171.1415799,-0.020048913,33.53527419,7/4/23,1,1,Predation,fed,Tijeretas,Vmelones,subtidal,Predator,25,Warm,307.15,34,14:46:00,15:01:36,R,Vmel1,0.615,3.832,0,675,60,NA,-0.012330081,-0.004290419,-8.04E-03,-7.55E+00,7.552918372,2.146272555,subtidalWarm
Vmel1_36C,162.3676364,-0.0209003,35.75027119,7/4/23,1,1,Predation,fed,Tijeretas,Vmelones,subtidal,Predator,25,Warm,309.15,36,15:21:14,15:36:10,R,Vmel1,0.615,3.832,0,675,60,NA,-0.012853685,-0.003045065,-9.81E-03,-9.21E+00,9.214778706,2.323835564,subtidalWarm
Vmel1_40C,136.0472181,-0.026304592,39.55573134,7/4/23,1,1,Predation,fed,Tijeretas,Vmelones,subtidal,Predator,25,Warm,313.15,40,16:30:32,16:47:24,R,Vmel1,0.615,3.832,0,675,60,NA,-0.016177324,-0.003402375,-1.28E-02,-1.20E+01,12.00151785,2.565066108,subtidalWarm
Vmel3_20C,229.9723462,-0.005847334,20.3104,7/4/23,3,1,Predation,fed,Tijeretas,Vmelones,subtidal,Predator,25,Warm,293.15,20,10:51:37,11:06:43,R,Vmel3,0.615,1.685,0,675,60,NA,-0.00359611,-0.002327877,-1.27E-03,-2.71E+00,2.709577923,1.310918103,subtidalWarm
Vmel3_24C,210.4647,-0.008305378,24.27158621,7/4/23,3,1,Predation,fed,Tijeretas,Vmelones,subtidal,Predator,25,Warm,297.15,24,11:40:02,11:54:36,R,Vmel3,0.615,1.685,0,675,60,NA,-0.005107807,-0.002487644,-2.62E-03,-5.60E+00,5.597974362,1.886762687,subtidalWarm
Vmel3_26C,207.1358711,-0.013047302,25.86627869,7/4/23,3,1,Predation,fed,Tijeretas,Vmelones,subtidal,Predator,25,Warm,299.15,26,12:21:46,12:37:12,R,Vmel3,0.615,1.685,0,675,60,NA,-0.008024091,-0.00263737,-5.39E-03,-1.15E+01,11.50872142,2.526426115,subtidalWarm
Vmel3_28C,198.041245,-0.010291397,27.82758621,7/4/23,3,1,Predation,fed,Tijeretas,Vmelones,subtidal,Predator,25,Warm,301.15,28,13:01:28,13:16:11,R,Vmel3,0.615,1.685,0,675,60,NA,-0.006329209,-0.002317966,-4.01E-03,-8.57E+00,8.570014718,2.258634743,subtidalWarm
Vmel3_30C,192.1323662,-0.012332702,29.38997297,7/4/23,3,1,Predation,fed,Tijeretas,Vmelones,subtidal,Predator,25,Warm,303.15,30,13:38:51,13:57:29,R,Vmel3,0.615,1.685,0,675,60,NA,-0.007584612,-0.003444939,-4.14E-03,-8.84E+00,8.844405223,2.286903296,subtidalWarm
Vmel3_32C,180.6737554,-0.013427633,32.13135,7/4/23,3,1,Predation,fed,Tijeretas,Vmelones,subtidal,Predator,25,Warm,305.15,32,14:06:47,14:21:51,R,Vmel3,0.615,1.685,0,675,60,NA,-0.008257994,-0.00437244,-3.89E-03,-8.30E+00,8.301480356,2.230173566,subtidalWarm
Vmel3_34C,172.0656734,-0.014670976,33.7163871,7/4/23,3,1,Predation,fed,Tijeretas,Vmelones,subtidal,Predator,25,Warm,307.15,34,14:46:05,15:01:49,R,Vmel3,0.615,1.685,0,675,60,NA,-0.00902265,-0.004290419,-4.73E-03,-1.01E+01,10.11040451,2.407882013,subtidalWarm
Vmel3_36C,161.2063766,-0.015015208,35.97613333,7/4/23,3,1,Predation,fed,Tijeretas,Vmelones,subtidal,Predator,25,Warm,309.15,36,15:21:17,15:36:19,R,Vmel3,0.615,1.685,0,675,60,NA,-0.009234353,-0.003045065,-6.19E-03,-1.32E+01,13.22340463,2.654888821,subtidalWarm
Vmel3_40C,139.8601838,-0.016670707,39.80334328,7/4/23,3,1,Predation,fed,Tijeretas,Vmelones,subtidal,Predator,25,Warm,313.15,40,16:30:36,16:47:30,R,Vmel3,0.615,1.685,0,675,60,NA,-0.010252485,-0.003402375,-6.85E-03,-1.46E+01,14.63524985,2.749527971,subtidalWarm
Vmel4_20C,207.219063,-0.005559199,20.23771667,7/4/23,4,1,Predation,fed,Tijeretas,Vmelones,subtidal,Predator,25,Warm,293.15,20,10:51:40,11:06:46,R,Vmel4,0.595,2.802,0,675,80,NA,-0.003307723,-0.002327877,-9.80E-04,-1.26E+00,1.258902784,0.814879202,subtidalWarm
Vmel4_24C,190.123935,-0.009003695,24.22331034,7/4/23,4,1,Predation,fed,Tijeretas,Vmelones,subtidal,Predator,25,Warm,297.15,24,11:40:04,11:54:39,R,Vmel4,0.595,2.802,0,675,80,NA,-0.005357199,-0.002487644,-2.87E-03,-3.69E+00,3.686794433,1.544748859,subtidalWarm
Vmel4_26C,185.554697,-0.009359789,25.76283607,7/4/23,4,1,Predation,fed,Tijeretas,Vmelones,subtidal,Predator,25,Warm,299.15,26,12:21:49,12:37:15,R,Vmel4,0.595,2.802,0,675,80,NA,-0.005569074,-0.00263737,-2.93E-03,-3.77E+00,3.766643255,1.561642337,subtidalWarm
Vmel4_28C,173.2708167,-0.009649164,27.74187931,7/4/23,4,1,Predation,fed,Tijeretas,Vmelones,subtidal,Predator,25,Warm,301.15,28,13:01:31,13:16:13,R,Vmel4,0.595,2.802,0,675,80,NA,-0.005741253,-0.002317966,-3.42E-03,-4.40E+00,4.398227409,1.686070642,subtidalWarm
Vmel4_30C,173.2460543,-0.011897178,29.21747297,7/4/23,4,1,Predation,fed,Tijeretas,Vmelones,subtidal,Predator,25,Warm,303.15,30,13:38:54,13:57:32,R,Vmel4,0.595,2.802,0,675,80,NA,-0.007078821,-0.003444939,-3.63E-03,-4.67E+00,4.668799143,1.734977304,subtidalWarm
Vmel4_32C,160.8400226,-0.011704811,31.86206667,7/4/23,4,1,Predation,fed,Tijeretas,Vmelones,subtidal,Predator,25,Warm,305.15,32,14:06:51,14:21:54,R,Vmel4,0.595,2.802,0,675,80,NA,-0.006964363,-0.00437244,-2.59E-03,-3.33E+00,3.33009379,1.465589202,subtidalWarm
Vmel4_34C,152.1534438,-0.012743484,33.51362903,7/4/23,4,1,Predation,fed,Tijeretas,Vmelones,subtidal,Predator,25,Warm,307.15,34,14:46:08,15:01:54,R,Vmel4,0.595,2.802,0,675,80,NA,-0.007582373,-0.004290419,-3.29E-03,-4.23E+00,4.229491221,1.654313992,subtidalWarm
Vmel4_36C,143.5256393,-0.01515662,35.75746667,7/4/23,4,1,Predation,fed,Tijeretas,Vmelones,subtidal,Predator,25,Warm,309.15,36,15:21:20,15:36:22,R,Vmel4,0.595,2.802,0,675,80,NA,-0.009018189,-0.003045065,-5.97E-03,-7.67E+00,7.674249251,2.16035878,subtidalWarm
Vmel4_40C,121.6154561,-0.01654192,39.66271642,7/4/23,4,1,Predation,fed,Tijeretas,Vmelones,subtidal,Predator,25,Warm,313.15,40,16:30:42,16:47:32,R,Vmel4,0.595,2.802,0,675,80,NA,-0.009842442,-0.003402375,-6.44E-03,-8.27E+00,8.274176017,2.227233765,subtidalWarm
Vmel5_20C,277.9879309,-0.014241307,20.24183333,7/4/23,5,1,Predation,fed,Tijeretas,Vmelones,subtidal,Predator,25,Warm,293.15,20,10:51:43,11:06:49,R,Vmel5,0.603,3.51,0,675,72,NA,-0.008587508,-0.002327877,-6.26E-03,-6.42E+00,6.420134359,2.004197165,subtidalWarm
Vmel5_24C,261.1567982,-0.019473937,24.19075862,7/4/23,5,1,Predation,fed,Tijeretas,Vmelones,subtidal,Predator,25,Warm,297.15,24,11:40:07,11:54:42,R,Vmel5,0.603,3.51,0,675,72,NA,-0.011742784,-0.002487644,-9.26E-03,-9.49E+00,9.492451282,2.350656073,subtidalWarm
Vmel5_26C,252.3690262,-0.020126046,25.83963934,7/4/23,5,1,Predation,fed,Tijeretas,Vmelones,subtidal,Predator,25,Warm,299.15,26,12:21:52,12:37:19,R,Vmel5,0.603,3.51,0,675,72,NA,-0.012136006,-0.00263737,-9.50E-03,-9.74E+00,9.742190769,2.37417905,subtidalWarm
Vmel5_28C,243.7815019,-0.017996577,27.68301724,7/4/23,5,1,Predation,fed,Tijeretas,Vmelones,subtidal,Predator,25,Warm,301.15,28,13:01:36,13:16:16,R,Vmel5,0.603,3.51,0,675,72,NA,-0.010851936,-0.002317966,-8.53E-03,-8.75E+00,8.752789744,2.277553372,subtidalWarm
Vmel5_30C,230.6034859,-0.02262458,29.22533784,7/4/23,5,1,Predation,fed,Tijeretas,Vmelones,subtidal,Predator,25,Warm,303.15,30,13:38:56,13:57:34,R,Vmel5,0.603,3.51,0,675,72,NA,-0.013642622,-0.003444939,-1.02E-02,-1.05E+01,10.45916205,2.438789589,subtidalWarm
Vmel5_32C,222.0331056,-0.023952332,31.91361667,7/4/23,5,1,Predation,fed,Tijeretas,Vmelones,subtidal,Predator,25,Warm,305.15,32,14:06:55,14:21:57,R,Vmel5,0.603,3.51,0,675,72,NA,-0.014443256,-0.00437244,-1.01E-02,-1.03E+01,10.32904205,2.427369522,subtidalWarm
Vmel5_34C,205.678758,-0.010624889,33.55251613,7/4/23,5,1,Predation,fed,Tijeretas,Vmelones,subtidal,Predator,25,Warm,307.15,34,14:46:12,15:01:57,R,Vmel5,0.603,3.51,0,675,72,NA,-0.006406808,-0.004290419,-2.12E-03,-2.17E+00,2.170655385,1.153938313,subtidalWarm
Vmel5_36C,198.2744543,-0.029050459,35.81635593,7/4/23,5,1,Predation,fed,Tijeretas,Vmelones,subtidal,Predator,25,Warm,309.15,36,15:21:23,15:36:24,R,Vmel5,0.603,3.51,0,675,72,NA,-0.017517427,-0.003045065,-1.45E-02,-1.48E+01,14.84344821,2.762756053,subtidalWarm
Vmel5_40C,170.7831574,-0.029226331,39.66068657,7/4/23,5,1,Predation,fed,Tijeretas,Vmelones,subtidal,Predator,25,Warm,313.15,40,16:30:44,16:47:36,R,Vmel5,0.603,3.51,0,675,72,NA,-0.017623478,-0.003402375,-1.42E-02,-1.46E+01,14.58574667,2.746356822,subtidalWarm
Vmel6_20C,270.0515584,-0.015026894,20.36103333,7/4/23,6,1,Predation,fed,Tijeretas,Vmelones,subtidal,Predator,25,Warm,293.15,20,10:51:47,11:06:52,R,Vmel6,0.605,2.158,0,675,70,NA,-0.009091271,-0.002327877,-6.76E-03,-1.13E+01,11.28277034,2.508197495,subtidalWarm
Vmel6_24C,243.133668,-0.014155217,24.315125,7/4/23,6,1,Predation,fed,Tijeretas,Vmelones,subtidal,Predator,25,Warm,297.15,24,11:40:11,11:54:23,R,Vmel6,0.605,2.158,0,675,70,NA,-0.008563906,-0.002487644,-6.08E-03,-1.01E+01,10.13648897,2.410227012,subtidalWarm
Vmel6_26C,238.7233016,-0.021523762,25.85816393,7/4/23,6,1,Predation,fed,Tijeretas,Vmelones,subtidal,Predator,25,Warm,299.15,26,12:21:55,12:37:21,R,Vmel6,0.605,2.158,0,675,70,NA,-0.013021876,-0.00263737,-1.04E-02,-1.73E+01,17.32355032,2.908187135,subtidalWarm
Vmel6_28C,226.6001374,-0.015093034,27.67356897,7/4/23,6,1,Predation,fed,Tijeretas,Vmelones,subtidal,Predator,25,Warm,301.15,28,13:01:40,13:16:18,R,Vmel6,0.605,2.158,0,675,70,NA,-0.009131286,-0.002317966,-6.81E-03,-1.14E+01,11.36605746,2.514955418,subtidalWarm
Vmel6_30C,224.5387683,-0.017357863,29.27771622,7/4/23,6,1,Predation,fed,Tijeretas,Vmelones,subtidal,Predator,25,Warm,303.15,30,13:38:59,13:57:36,R,Vmel6,0.605,2.158,0,675,70,NA,-0.010501507,-0.003444939,-7.06E-03,-1.18E+01,11.77184652,2.547243258,subtidalWarm
Vmel6_32C,208.8924149,-0.019969188,31.9624,7/4/23,6,1,Predation,fed,Tijeretas,Vmelones,subtidal,Predator,25,Warm,305.15,32,14:06:58,14:22:01,R,Vmel6,0.605,2.158,0,675,70,NA,-0.012081359,-0.00437244,-7.71E-03,-1.29E+01,12.86010584,2.62901463,subtidalWarm
Vmel6_34C,197.7420219,-0.019201387,33.58948387,7/4/23,6,1,Predation,fed,Tijeretas,Vmelones,subtidal,Predator,25,Warm,307.15,34,14:46:16,15:02:00,R,Vmel6,0.605,2.158,0,675,70,NA,-0.011616839,-0.004290419,-7.33E-03,-1.22E+01,12.22201668,2.58188337,subtidalWarm
Vmel6_36C,190.3973797,-0.020797261,35.88391525,7/4/23,6,1,Predation,fed,Tijeretas,Vmelones,subtidal,Predator,25,Warm,309.15,36,15:21:28,15:36:28,R,Vmel6,0.605,2.158,0,675,70,NA,-0.012582343,-0.003045065,-9.54E-03,-1.59E+01,15.910195,2.827916694,subtidalWarm
Vmel6_40C,161.7939533,-0.017966152,39.74971642,7/4/23,6,1,Predation,fed,Tijeretas,Vmelones,subtidal,Predator,25,Warm,313.15,40,16:30:48,16:47:38,R,Vmel6,0.605,2.158,0,675,70,NA,-0.010869522,-0.003402375,-7.47E-03,-1.25E+01,12.45677905,2.599482998,subtidalWarm
Vmel7_20C,217.6747534,-0.008077997,20.28428333,7/4/23,7,1,Predation,fed,Tijeretas,Vmelones,subtidal,Predator,25,Warm,293.15,20,10:51:49,11:06:55,R,Vmel7,0.61,2.8,0,675,65,NA,-0.004927578,-0.002327877,-2.60E-03,-3.34E+00,3.342472714,1.468443936,subtidalWarm
Vmel7_24C,204.6322737,-0.008330268,24.29243103,7/4/23,7,1,Predation,fed,Tijeretas,Vmelones,subtidal,Predator,25,Warm,297.15,24,11:40:15,11:54:48,R,Vmel7,0.61,2.8,0,675,65,NA,-0.005081463,-0.002487644,-2.59E-03,-3.33E+00,3.334910143,1.466700882,subtidalWarm
Vmel7_26C,197.1880207,-0.00923802,25.74836066,7/4/23,7,1,Predation,fed,Tijeretas,Vmelones,subtidal,Predator,25,Warm,299.15,26,12:21:58,12:37:25,R,Vmel7,0.61,2.8,0,675,65,NA,-0.005635192,-0.00263737,-3.00E-03,-3.85E+00,3.854342571,1.57987368,subtidalWarm
Vmel7_28C,190.6014657,-0.010430611,27.78674138,7/4/23,7,1,Predation,fed,Tijeretas,Vmelones,subtidal,Predator,25,Warm,301.15,28,13:01:42,13:16:21,R,Vmel7,0.61,2.8,0,675,65,NA,-0.006362673,-0.002317966,-4.04E-03,-5.20E+00,5.200337571,1.824603738,subtidalWarm
Vmel7_30C,185.9649369,-0.012261808,29.28928378,7/4/23,7,1,Predation,fed,Tijeretas,Vmelones,subtidal,Predator,25,Warm,303.15,30,13:39:02,13:57:38,R,Vmel7,0.61,2.8,0,675,65,NA,-0.007479703,-0.003444939,-4.03E-03,-5.19E+00,5.187553714,1.822539809,subtidalWarm
Vmel7_32C,172.2115428,-0.014749882,32.06638333,7/4/23,7,1,Predation,fed,Tijeretas,Vmelones,subtidal,Predator,25,Warm,305.15,32,14:07:02,14:22:05,R,Vmel7,0.61,2.8,0,675,65,NA,-0.008997428,-0.00437244,-4.62E-03,-5.95E+00,5.946413143,1.938225432,subtidalWarm
Vmel7_34C,165.8864328,-0.013045304,33.49879032,7/4/23,7,1,Predation,fed,Tijeretas,Vmelones,subtidal,Predator,25,Warm,307.15,34,14:46:20,15:02:04,R,Vmel7,0.61,2.8,0,675,65,NA,-0.007957635,-0.004290419,-3.67E-03,-4.71E+00,4.714992,1.743092897,subtidalWarm
Vmel7_36C,155.8152047,-0.013455049,35.94720339,7/4/23,7,1,Predation,fed,Tijeretas,Vmelones,subtidal,Predator,25,Warm,309.15,36,15:21:30,15:36:30,R,Vmel7,0.61,2.8,0,675,65,NA,-0.00820758,-0.003045065,-5.16E-03,-6.64E+00,6.637519286,2.03307285,subtidalWarm
Vmel7_40C,130.2194118,-0.017497468,39.77556716,7/4/23,7,1,Predation,fed,Tijeretas,Vmelones,subtidal,Predator,25,Warm,313.15,40,16:30:51,16:47:41,R,Vmel7,0.61,2.8,0,675,65,NA,-0.010673455,-0.003402375,-7.27E-03,-9.35E+00,9.348531429,2.336844619,subtidalWarm
Vmel8_20C,233.4801432,-0.010465721,20.26891667,7/4/23,8,1,Predation,fed,Tijeretas,Vmelones,subtidal,Predator,25,Warm,293.15,20,10:51:53,11:06:58,R,Vmel8,0.62,2.882,0,675,55,NA,-0.006488747,-0.002327877,-4.16E-03,-5.20E+00,5.19747814,1.824142458,subtidalWarm
Vmel8_24C,214.9428013,-0.018697364,24.08693103,7/4/23,8,1,Predation,fed,Tijeretas,Vmelones,subtidal,Predator,25,Warm,297.15,24,11:40:19,11:54:52,R,Vmel8,0.62,2.882,0,675,55,NA,-0.011592366,-0.002487644,-9.10E-03,-1.14E+01,11.37300458,2.515517049,subtidalWarm
Vmel8_26C,209.5552608,-0.021503087,25.79072131,7/4/23,8,1,Predation,fed,Tijeretas,Vmelones,subtidal,Predator,25,Warm,299.15,26,12:22:02,12:37:28,R,Vmel8,0.62,2.882,0,675,55,NA,-0.013331914,-0.00263737,-1.07E-02,-1.34E+01,13.35890298,2.664370167,subtidalWarm
Vmel8_28C,193.7658926,-0.013697305,27.64246552,7/4/23,8,1,Predation,fed,Tijeretas,Vmelones,subtidal,Predator,25,Warm,301.15,28,13:01:46,13:16:24,R,Vmel8,0.62,2.882,0,675,55,NA,-0.008492329,-0.002317966,-6.17E-03,-7.71E+00,7.712597779,2.164769999,subtidalWarm
Vmel8_30C,193.6052685,-0.013592479,29.25925676,7/4/23,8,1,Predation,fed,Tijeretas,Vmelones,subtidal,Predator,25,Warm,303.15,30,13:39:05,13:57:40,R,Vmel8,0.62,2.882,0,675,55,NA,-0.008427337,-0.003444939,-4.98E-03,-6.22E+00,6.223675503,1.977363896,subtidalWarm
Vmel8_32C,180.715336,-0.015882126,31.83635593,7/4/23,8,1,Predation,fed,Tijeretas,Vmelones,subtidal,Predator,25,Warm,305.15,32,14:07:08,14:22:09,R,Vmel8,0.62,2.882,0,675,55,NA,-0.009846918,-0.00437244,-5.47E-03,-6.84E+00,6.838348647,2.05902818,subtidalWarm
Vmel8_34C,172.6934869,-0.014706094,33.46606452,7/4/23,8,1,Predation,fed,Tijeretas,Vmelones,subtidal,Predator,25,Warm,307.15,34,14:46:23,15:02:08,R,Vmel8,0.62,2.882,0,675,55,NA,-0.009117778,-0.004290419,-4.83E-03,-6.03E+00,6.030011242,1.950188305,subtidalWarm
Vmel8_36C,165.7144956,-0.026578035,35.77467797,7/4/23,8,1,Predation,fed,Tijeretas,Vmelones,subtidal,Predator,25,Warm,309.15,36,15:21:34,15:36:33,R,Vmel8,0.62,2.882,0,675,55,NA,-0.016478382,-0.003045065,-1.34E-02,-1.68E+01,16.77999348,2.878073863,subtidalWarm
Vmel8_40C,139.4135857,-0.019925045,39.56477612,7/4/23,8,1,Predation,fed,Tijeretas,Vmelones,subtidal,Predator,25,Warm,313.15,40,16:30:54,16:47:45,R,Vmel8,0.62,2.882,0,675,55,NA,-0.012353528,-0.003402375,-8.95E-03,-1.12E+01,11.18117654,2.499891854,subtidalWarm
Vmel9_20C,282.7194607,-0.01239458,20.30715,7/4/23,9,1,Predation,fed,Tijeretas,Vmelones,subtidal,Predator,25,Warm,293.15,20,10:51:55,11:07:04,R,Vmel9,0.615,2.322,0,675,60,NA,-0.007622667,-0.002327877,-5.29E-03,-8.21E+00,8.208976744,2.220178741,subtidalWarm
Vmel9_24C,258.4584549,-0.013546391,24.22194737,7/4/23,9,1,Predation,fed,Tijeretas,Vmelones,subtidal,Predator,25,Warm,297.15,24,11:40:26,11:54:56,R,Vmel9,0.615,2.322,0,675,60,NA,-0.00833103,-0.002487644,-5.84E-03,-9.06E+00,9.059513178,2.308518772,subtidalWarm
Vmel9_26C,252.8371295,-0.012664911,25.80819672,7/4/23,9,1,Predation,fed,Tijeretas,Vmelones,subtidal,Predator,25,Warm,299.15,26,12:22:05,12:37:31,R,Vmel9,0.615,2.322,0,675,60,NA,-0.00778892,-0.00263737,-5.15E-03,-7.99E+00,7.986899225,2.195767875,subtidalWarm
Vmel9_28C,241.1010137,-0.014911986,27.72198276,7/4/23,9,1,Predation,fed,Tijeretas,Vmelones,subtidal,Predator,25,Warm,301.15,28,13:01:50,13:16:27,R,Vmel9,0.615,2.322,0,675,60,NA,-0.009170871,-0.002317966,-6.85E-03,-1.06E+01,10.62465891,2.45312861,subtidalWarm
Vmel9_30C,238.6709798,-0.017196001,29.19585135,7/4/23,9,1,Predation,fed,Tijeretas,Vmelones,subtidal,Predator,25,Warm,303.15,30,13:39:07,13:57:43,R,Vmel9,0.615,2.322,0,675,60,NA,-0.010575541,-0.003444939,-7.13E-03,-1.11E+01,11.0551969,2.489495845,subtidalWarm
Vmel9_32C,227.1171149,-0.020188642,31.77828,7/4/23,9,1,Predation,fed,Tijeretas,Vmelones,subtidal,Predator,25,Warm,305.15,32,14:09:38,14:22:12,R,Vmel9,0.615,2.322,0,675,60,NA,-0.012416015,-0.00437244,-8.04E-03,-1.25E+01,12.47065891,2.600513906,subtidalWarm
Vmel9_34C,212.1891711,-0.019597649,33.50493548,7/4/23,9,1,Predation,fed,Tijeretas,Vmelones,subtidal,Predator,25,Warm,307.15,34,14:46:26,15:02:12,R,Vmel9,0.615,2.322,0,675,60,NA,-0.012052554,-0.004290419,-7.76E-03,-1.20E+01,12.03431783,2.567585712,subtidalWarm
Vmel9_36C,197.6501849,-0.023892175,35.80418333,7/4/23,9,1,Predation,fed,Tijeretas,Vmelones,subtidal,Predator,25,Warm,309.15,36,15:21:37,15:36:40,R,Vmel9,0.615,2.322,0,675,60,NA,-0.014693688,-0.003045065,-1.16E-02,-1.81E+01,18.05988062,2.947585635,subtidalWarm
Vmel9_40C,168.6899974,-0.028083891,39.64116418,7/4/23,9,1,Predation,fed,Tijeretas,Vmelones,subtidal,Predator,25,Warm,313.15,40,16:30:56,16:47:47,R,Vmel9,0.615,2.322,0,675,60,NA,-0.017271593,-0.003402375,-1.39E-02,-2.15E+01,21.50266357,3.113633683,subtidalWarm
W1_16C,174.0629488,-0.012703428,16.15015686,6/28/22,1,8,Predation,fed,La Barcaza,Hprinceps,subtidal,Predator,22,Cold,289.15,16,14:39:00,14:51:59,R,W1,1.5,67,0,1.2,300,NA,-0.012703428,-0.000613758,-0.01208967,0.649594209,0.649594209,0.57633976,subtidalCold
W1_20C,179.5167096,-0.027841558,20.16014773,6/28/22,1,8,Predation,fed,La Barcaza,Hprinceps,subtidal,Predator,22,Cold,293.15,20,15:44:14,16:06:21,R,W1,1.5,67,0,1.2,300,NA,-0.027841558,0.000850183,-0.028691741,1.541645785,1.541645785,1.047310202,subtidalCold
W1_22C,224.4357142,-0.021051601,22.15801852,6/28/22,1,8,Predation,fed,La Barcaza,Hprinceps,subtidal,Predator,22,Cold,295.15,22,16:22:20,16:36:01,R,W1,1.5,67,0,1.2,300,NA,-0.021051601,-0.002228317,-0.018823284,1.011400334,1.011400334,0.79465647,subtidalCold
W1_24C,215.7077217,-0.039914958,24.12107692,6/28/22,1,8,Predation,fed,La Barcaza,Hprinceps,subtidal,Predator,22,Cold,297.15,24,17:04:54,17:18:06,R,W1,1.5,67,0,1.2,300,NA,-0.039914958,-0.001588874,-0.038326084,2.059311976,2.059311976,1.244492972,subtidalCold
W1_26C,209.5128557,-0.053584021,26.21686364,6/28/22,1,8,Predation,fed,La Barcaza,Hprinceps,subtidal,Predator,22,Cold,299.15,26,17:39:43,17:56:29,R,W1,1.5,67,0,1.2,300,NA,-0.053584021,-0.003038414,-0.050545607,2.715883361,2.715883361,1.449048487,subtidalCold
W1_28C   ,202.213382,-0.060381595,28.00707317,6/28/22,1,8,Predation,fed,La Barcaza,Hprinceps,subtidal,Predator,22,Cold,301.15,28,18:27:21,18:37:52,R,W1,1.5,67,0,1.2,300,NA,-0.060381595,-0.005174968,-0.055206627,2.966326227,2.966326227,1.51723303,subtidalCold
W1_30C,181.1189995,-0.056335918,29.98428333,6/28/22,1,8,Predation,fed,La Barcaza,Hprinceps,subtidal,Predator,22,Cold,303.15,30,19:01:49,19:16:56,R,W1,1.5,67,0,1.2,300,NA,-0.056335918,-0.003554599,-0.052781319,2.83601117,2.83601117,1.482334594,subtidalCold
W1_32C,177.8077261,-0.068904564,32.0105625,6/28/22,1,8,Predation,fed,La Barcaza,Hprinceps,subtidal,Predator,22,Cold,305.15,32,19:45:31,19:57:38,R,W1,1.5,67,0,1.2,300,NA,-0.068904564,-0.003518317,-0.065386247,3.513290884,3.513290884,1.651721059,subtidalCold
W1_34C,169.3368568,-0.039922981,33.96644828,6/28/22,1,8,Predation,fed,La Barcaza,Hprinceps,subtidal,Predator,22,Cold,307.15,34,20:24:24,20:39:00,R,W1,1.5,67,0,1.2,300,NA,-0.039922981,-0.00306164,-0.036861341,1.980609367,1.980609367,1.216908153,subtidalCold
W1_36C,154.1589546,-0.021110898,35.95601695,6/28/22,1,8,Predation,fed,La Barcaza,Hprinceps,subtidal,Predator,22,Cold,309.15,36,21:11:18,21:26:13,R,W1,1.5,67,0,1.2,300,NA,-0.021110898,-0.007788226,-0.013322672,0.715845063,0.715845063,0.62004628,subtidalCold
W1_39C,135.8838492,-0.02199828,38.82312903,6/28/22,1,8,Predation,fed,La Barcaza,Hprinceps,subtidal,Predator,22,Cold,312.15,39,22:05:02,22:20:41,R,W1,1.5,67,0,1.2,300,NA,-0.02199828,-0.003574459,-0.018423821,0.989936651,0.989936651,0.78295314,subtidalCold
W1_42C,123.990036,-0.021819812,41.61677465,6/28/22,1,8,Predation,fed,La Barcaza,Hprinceps,subtidal,Predator,22,Cold,315.15,42,22:54:51,23:12:43,R,W1,1.5,67,0,1.2,300,NA,-0.021819812,-0.001278818,-0.020540994,1.1036952,1.1036952,0.843476672,subtidalCold
W3_16C,208.9001127,-0.014576364,16.01483333,6/28/22,3,8,Predation,fed,La Barcaza,Hprinceps,subtidal,Predator,22,Cold,289.15,16,14:44:01,14:56:15,R,W3,1.5,67,0,1.2,300,NA,-0.014576364,-0.000613758,-0.013962606,0.750229576,0.750229576,0.641998871,subtidalCold
W3_20C,196.4778261,-0.026964175,20.20780952,6/28/22,3,8,Predation,fed,La Barcaza,Hprinceps,subtidal,Predator,22,Cold,293.15,20,15:45:11,16:06:24,R,W3,1.5,67,0,1.2,300,NA,-0.026964175,0.000850183,-0.027814358,1.494502818,1.494502818,1.027260702,subtidalCold
W3_22C,230.6970082,-0.006478155,22.14583117,6/28/22,3,8,Predation,fed,La Barcaza,Hprinceps,subtidal,Predator,22,Cold,295.15,22,16:22:23,16:41:52,R,W3,1.5,67,0,1.2,300,NA,-0.006478155,-0.002228317,-0.004249838,0.228349504,0.228349504,0.242176789,subtidalCold
W3_24C,196.3843378,-0.00537141,24.10555385,6/28/22,3,8,Predation,fed,La Barcaza,Hprinceps,subtidal,Predator,22,Cold,297.15,24,17:01:51,17:18:10,R,W3,1.5,67,0,1.2,300,NA,-0.00537141,-0.001588874,-0.003782536,0.20324074,0.20324074,0.218242672,subtidalCold
W3_26C,201.715157,-0.011714512,26.25398246,6/28/22,3,8,Predation,fed,La Barcaza,Hprinceps,subtidal,Predator,22,Cold,299.15,26,17:39:47,17:54:13,R,W3,1.5,67,0,1.2,300,NA,-0.011714512,-0.003038414,-0.008676098,0.4661784,0.4661784,0.444310161,subtidalCold
W3_28C,182.0162016,-0.020344433,28.00425532,6/28/22,3,8,Predation,fed,La Barcaza,Hprinceps,subtidal,Predator,22,Cold,301.15,28,18:26:06,18:37:56,R,W3,1.5,67,0,1.2,300,NA,-0.020344433,-0.005174968,-0.015169465,0.815075731,0.815075731,0.682132176,subtidalCold
W3_30C,179.1392527,-0.052550513,29.9479,6/28/22,3,8,Predation,fed,La Barcaza,Hprinceps,subtidal,Predator,22,Cold,303.15,30,19:01:51,19:16:58,R,W3,1.5,67,0,1.2,300,NA,-0.052550513,-0.003554599,-0.048995914,2.632616275,2.632616275,1.425308209,subtidalCold
W3_32C,159.081763,-0.044637015,32.03145283,6/28/22,3,8,Predation,fed,La Barcaza,Hprinceps,subtidal,Predator,22,Cold,305.15,32,19:44:11,19:57:41,R,W3,1.5,67,0,1.2,300,NA,-0.044637015,-0.003518317,-0.041118698,2.209362878,2.209362878,1.295065591,subtidalCold
W3_34C,147.1078898,-0.03365327,33.98606897,6/28/22,3,8,Predation,fed,La Barcaza,Hprinceps,subtidal,Predator,22,Cold,307.15,34,20:24:37,20:39:14,R,W3,1.5,67,0,1.2,300,NA,-0.03365327,-0.00306164,-0.03059163,1.643729373,1.643729373,1.089395022,subtidalCold
W3_36C,144.6655164,-0.014986772,35.90661905,6/28/22,3,8,Predation,fed,La Barcaza,Hprinceps,subtidal,Predator,22,Cold,309.15,36,21:10:19,21:26:17,R,W3,1.5,67,0,1.2,300,NA,-0.014986772,-0.007788226,-0.007198546,0.386787546,0.386787546,0.381271492,subtidalCold
W3_39C,130.1028875,-0.015942321,38.80706061,6/28/22,3,8,Predation,fed,La Barcaza,Hprinceps,subtidal,Predator,22,Cold,312.15,39,22:04:01,22:20:46,R,W3,1.5,67,0,1.2,300,NA,-0.015942321,-0.003574459,-0.012367862,0.664541839,0.664541839,0.586369109,subtidalCold
W3_42C,119.4012305,-0.01632183,41.66324286,6/28/22,3,8,Predation,fed,La Barcaza,Hprinceps,subtidal,Predator,22,Cold,315.15,42,22:54:56,23:12:46,R,W3,1.5,67,0,1.2,300,NA,-0.01632183,-0.001278818,-0.015043012,0.808281242,0.808281242,0.678001811,subtidalCold
W5_16C,211.5688842,-0.006375648,15.98566265,6/28/22,5,8,Predation,fed,La Barcaza,Hprinceps,subtidal,Predator,22,Cold,289.15,16,14:39:11,15:00:10,R,W5,1.5,45,0,1.2,300,NA,-0.006375648,-0.000613758,-0.00576189,0.4609512,0.4609512,0.440279615,subtidalCold
W5_20C,201.4753184,-0.01146258,20.23317778,6/28/22,5,8,Predation,fed,La Barcaza,Hprinceps,subtidal,Predator,22,Cold,293.15,20,15:55:02,16:06:26,R,W5,1.5,45,0,1.2,300,NA,-0.01146258,0.000850183,-0.012312763,0.98502104,0.98502104,0.780253458,subtidalCold
W5_22C,266.0625229,-0.035892476,22.20868919,6/28/22,5,8,Predation,fed,La Barcaza,Hprinceps,subtidal,Predator,22,Cold,295.15,22,16:22:25,16:41:04,R,W5,1.5,45,0,1.2,300,NA,-0.035892476,-0.002228317,-0.033664159,2.69313272,2.69313272,1.442617808,subtidalCold
W5_24C,238.3115378,-0.065286496,24.154275,6/28/22,5,8,Predation,fed,La Barcaza,Hprinceps,subtidal,Predator,22,Cold,297.15,24,17:00:22,17:10:29,R,W5,1.5,45,0,1.2,300,NA,-0.065286496,-0.001588874,-0.063697622,5.09580976,5.09580976,1.962201256,subtidalCold
W5_26C,221.5986279,-0.060594673,26.28174194,6/28/22,5,8,Predation,fed,La Barcaza,Hprinceps,subtidal,Predator,22,Cold,299.15,26,17:40:53,17:56:34,R,W5,1.5,45,0,1.2,300,NA,-0.060594673,-0.003038414,-0.057556259,4.60450072,4.60450072,1.875702386,subtidalCold
W5_28C,202.4957773,-0.039480236,28.00870588,6/28/22,5,8,Predation,fed,La Barcaza,Hprinceps,subtidal,Predator,22,Cold,301.15,28,18:16:32,18:37:58,R,W5,1.5,45,0,1.2,300,NA,-0.039480236,-0.005174968,-0.034305268,2.74442144,2.74442144,1.457057002,subtidalCold
W5_30C,201.1456724,-0.044893712,29.90551667,6/28/22,5,8,Predation,fed,La Barcaza,Hprinceps,subtidal,Predator,22,Cold,303.15,30,19:01:54,19:17:03,R,W5,1.5,45,0,1.2,300,NA,-0.044893712,-0.003554599,-0.041339113,3.30712904,3.30712904,1.603129023,subtidalCold
W5_32C,159.2890367,-0.053161667,32.06727586,6/28/22,5,8,Predation,fed,La Barcaza,Hprinceps,subtidal,Predator,22,Cold,305.15,32,19:50:24,19:57:45,R,W5,1.5,45,0,1.2,300,NA,-0.053161667,-0.003518317,-0.04964335,3.971468,3.971468,1.751937253,subtidalCold
W5_34C,189.2128056,-0.042121685,33.82577586,6/28/22,5,8,Predation,fed,La Barcaza,Hprinceps,subtidal,Predator,22,Cold,307.15,34,20:24:47,20:39:22,R,W5,1.5,45,0,1.2,300,NA,-0.042121685,-0.00306164,-0.039060045,3.1248036,3.1248036,1.558095,subtidalCold
W5_36C,172.7895366,-0.014924629,35.94654386,6/28/22,5,8,Predation,fed,La Barcaza,Hprinceps,subtidal,Predator,22,Cold,309.15,36,21:11:56,21:26:21,R,W5,1.5,45,0,1.2,300,NA,-0.014924629,-0.007788226,-0.007136403,0.57091224,0.57091224,0.521821757,subtidalCold
W5_39C,151.8905933,-0.007666355,38.914,6/28/22,5,8,Predation,fed,La Barcaza,Hprinceps,subtidal,Predator,22,Cold,312.15,39,22:04:21,22:20:49,R,W5,1.5,45,0,1.2,300,NA,-0.007666355,-0.003574459,-0.004091896,0.32735168,0.32735168,0.331331916,subtidalCold
W5_42C,139.4786873,-0.015432933,41.74314286,6/28/22,5,8,Predation,fed,La Barcaza,Hprinceps,subtidal,Predator,22,Cold,315.15,42,22:56:49,23:12:52,R,W5,1.5,45,0,1.2,300,NA,-0.015432933,-0.001278818,-0.014154115,1.1323292,1.1323292,0.858150912,subtidalCold
W6_20C,204.9878635,-0.017601901,20.215625,6/28/22,6,8,Predation,fed,La Barcaza,Hprinceps,subtidal,Predator,22,Cold,293.15,20,15:44:23,16:06:28,R,W6,1.5,48,0,1.2,300,NA,-0.017601901,0.000850183,-0.018452084,1.3839063,1.3839063,0.978584571,subtidalCold
W6_22C,246.5771449,-0.022151351,22.22129487,6/28/22,6,8,Predation,fed,La Barcaza,Hprinceps,subtidal,Predator,22,Cold,295.15,22,16:22:28,16:42:00,R,W6,1.5,48,0,1.2,300,NA,-0.022151351,-0.002228317,-0.019923034,1.49422755,1.49422755,1.027142445,subtidalCold
W6_24C,244.4654769,-0.021211421,24.15143137,6/28/22,6,8,Predation,fed,La Barcaza,Hprinceps,subtidal,Predator,22,Cold,297.15,24,17:05:31,17:18:18,R,W6,1.5,48,0,1.2,300,NA,-0.021211421,-0.001588874,-0.019622547,1.471691025,1.471691025,1.017412801,subtidalCold
W6_26C,236.5850945,-0.008131479,26.17580435,6/28/22,6,8,Predation,fed,La Barcaza,Hprinceps,subtidal,Predator,22,Cold,299.15,26,17:39:52,17:51:37,R,W6,1.5,48,0,1.2,300,NA,-0.008131479,-0.003038414,-0.005093065,0.381979875,0.381979875,0.377323385,subtidalCold
W6_28C,208.0630877,-0.029096323,28.0616,6/28/22,6,8,Predation,fed,La Barcaza,Hprinceps,subtidal,Predator,22,Cold,301.15,28,18:16:34,18:38:01,R,W6,1.5,48,0,1.2,300,NA,-0.029096323,-0.005174968,-0.023921355,1.794101625,1.794101625,1.148329626,subtidalCold
W6_30C,184.002471,-0.03933424,30.03108333,6/28/22,6,8,Predation,fed,La Barcaza,Hprinceps,subtidal,Predator,22,Cold,303.15,30,19:01:56,19:17:06,R,W6,1.5,48,0,1.2,300,NA,-0.03933424,-0.003554599,-0.035779641,2.683473075,2.683473075,1.439874864,subtidalCold
W6_32C,165.7370826,-0.037607777,32.083,6/28/22,6,8,Predation,fed,La Barcaza,Hprinceps,subtidal,Predator,22,Cold,305.15,32,19:40:55,19:57:49,R,W6,1.5,48,0,1.2,300,NA,-0.037607777,-0.003518317,-0.03408946,2.5567095,2.5567095,1.403164113,subtidalCold
W6_34C,162.5775238,-0.021247304,34.03622807,6/28/22,6,8,Predation,fed,La Barcaza,Hprinceps,subtidal,Predator,22,Cold,307.15,34,20:24:56,20:39:28,R,W6,1.5,48,0,1.2,300,NA,-0.021247304,-0.00306164,-0.018185664,1.3639248,1.3639248,0.969531837,subtidalCold
W6_36C,163.9464593,-0.011862657,36.16209836,6/28/22,6,8,Predation,fed,La Barcaza,Hprinceps,subtidal,Predator,22,Cold,309.15,36,21:10:54,21:26:24,R,W6,1.5,48,0,1.2,300,NA,-0.011862657,-0.007788226,-0.004074431,0.305582325,0.305582325,0.31239819,subtidalCold
W6_39C,146.0509436,-0.014155973,38.97116667,6/28/22,6,8,Predation,fed,La Barcaza,Hprinceps,subtidal,Predator,22,Cold,312.15,39,22:04:11,22:20:52,R,W6,1.5,48,0,1.2,300,NA,-0.014155973,-0.003574459,-0.010581514,0.79361355,0.79361355,0.669026737,subtidalCold
W6_42C,122.2568346,-0.004677718,41.96163492,6/28/22,6,8,Predation,fed,La Barcaza,Hprinceps,subtidal,Predator,22,Cold,315.15,42,22:56:52,23:12:56,R,W6,1.5,48,0,1.2,300,NA,-0.004677718,-0.001278818,-0.0033989,0.2549175,0.2549175,0.266893224,subtidalCold
W8_16C,176.810904,-0.009654,16.12269231,6/28/22,8,8,Predation,fed,La Barcaza,Hprinceps,subtidal,Predator,22,Cold,289.15,16,14:37:11,14:46:59,R,W8,1.5,55,0,1.2,300,NA,-0.009654,-0.000613758,-0.009040242,0.591724931,0.591724931,0.536534257,subtidalCold
W8_20C,172.1291933,-0.020643754,22.62184091,6/28/22,8,8,Predation,fed,La Barcaza,Hprinceps,subtidal,Predator,22,Cold,293.15,20,15:44:25,15:55:35,R,W8,1.5,55,0,1.2,300,NA,-0.020643754,0.000850183,-0.021493937,1.406875876,1.406875876,0.988890815,subtidalCold
W8_22C,218.2298321,-0.010684614,22.13009524,6/28/22,8,8,Predation,fed,La Barcaza,Hprinceps,subtidal,Predator,22,Cold,295.15,22,16:22:31,16:38:19,R,W8,1.5,55,0,1.2,300,NA,-0.010684614,-0.002228317,-0.008456297,0.553503076,0.553503076,0.509346746,subtidalCold
W8_24C,203.916658,-0.042686437,23.99804878,6/28/22,8,8,Predation,fed,La Barcaza,Hprinceps,subtidal,Predator,22,Cold,297.15,24,17:00:31,17:11:02,R,W8,1.5,55,0,1.2,300,NA,-0.042686437,-0.001588874,-0.041097563,2.690022305,2.690022305,1.441735399,subtidalCold
W8_26C,195.8975197,-0.008344377,26.14529787,6/28/22,8,8,Predation,fed,La Barcaza,Hprinceps,subtidal,Predator,22,Cold,299.15,26,17:39:54,17:51:46,R,W8,1.5,55,0,1.2,300,NA,-0.008344377,-0.003038414,-0.005305963,0.347299396,0.347299396,0.348372063,subtidalCold
W8_28C,180.269324,-0.016382194,28.028,6/28/22,8,8,Predation,fed,La Barcaza,Hprinceps,subtidal,Predator,22,Cold,301.15,28,18:21:47,18:38:03,R,W8,1.5,55,0,1.2,300,NA,-0.016382194,-0.005174968,-0.011207226,0.733563884,0.733563884,0.631418926,subtidalCold
W8_30C,173.1657864,-0.07750493,30.00303509,6/28/22,8,8,Predation,fed,La Barcaza,Hprinceps,subtidal,Predator,22,Cold,303.15,30,19:01:59,19:16:16,R,W8,1.5,55,0,1.2,300,NA,-0.07750493,-0.003554599,-0.073950331,4.840385302,4.840385302,1.918166304,subtidalCold
W8_32C,160.9094248,-0.006895022,32.23271233,6/28/22,8,8,Predation,fed,La Barcaza,Hprinceps,subtidal,Predator,22,Cold,305.15,32,19:39:31,19:57:53,R,W8,1.5,55,0,1.2,300,NA,-0.006895022,-0.003518317,-0.003376705,0.221020691,0.221020691,0.235249837,subtidalCold
W8_34C,156.2029819,-0.121917339,33.98582456,6/28/22,8,8,Predation,fed,La Barcaza,Hprinceps,subtidal,Predator,22,Cold,307.15,34,20:25:10,20:39:32,R,W8,1.5,55,0,1.2,300,NA,-0.121917339,-0.00306164,-0.118855699,7.779645753,7.779645753,2.335591818,subtidalCold
W8_36C,135.4428601,-0.01570892,35.94985484,6/28/22,8,8,Predation,fed,La Barcaza,Hprinceps,subtidal,Predator,22,Cold,309.15,36,21:10:35,21:26:13,R,W8,1.5,55,0,1.2,300,NA,-0.01570892,-0.007788226,-0.007920694,0.518445425,0.518445425,0.483742881,subtidalCold
W8_39C,113.5528987,-0.008287849,38.87207692,6/28/22,8,8,Predation,fed,La Barcaza,Hprinceps,subtidal,Predator,22,Cold,312.15,39,22:07:53,22:20:55,R,W8,1.5,55,0,1.2,300,NA,-0.008287849,-0.003574459,-0.00471339,0.3085128,0.3085128,0.314967925,subtidalCold
W8_42C,103.9791173,-0.003880257,41.78357143,6/28/22,8,8,Predation,fed,La Barcaza,Hprinceps,subtidal,Predator,22,Cold,315.15,42,22:55:17,23:13:00,R,W8,1.5,55,0,1.2,300,NA,-0.003880257,-0.001278818,-0.002601439,0.170276007,0.170276007,0.185924399,subtidalCold
Hcumingi_16C_1_O2,129.1544475,-0.028278927,16.35382222,NA,1,1,Predation,fed,Tijeretas,Hcumingi,intertidal,Predator,20,Cold,289.15,16,11:13:03,11:17:17,R,Hcumingi1,1.5,49,0,1500,1.1,NA,-0.028278927,0.000188251,-0.028090676,4.396801461,4.396801461,1.685806456,intertidalCold
Hcumingi_16C_3_O2,180.0703059,-0.1648594,16.36512667,NA,3,3,Predation,fed,Tijeretas,Hcumingi,intertidal,Predator,20,Cold,289.15,16,11:06:41,11:19:39,R,Hcumingi3,1.5,39,0,1500,1.1,NA,-0.1648594,0.000188251,-0.164671149,12.0982885,12.0982885,2.572481573,intertidalCold
Hcumingi_16C_5_O2,220.8001115,-0.142683529,16.47210345,NA,5,5,Predation,fed,Tijeretas,Hcumingi,intertidal,Predator,20,Cold,289.15,16,11:16:49,11:19:42,R,Hcumingi5,1.5,100,0,1500,0.94,NA,-0.142683529,0.000188251,-0.142495278,13.15341028,13.15341028,2.649955604,intertidalCold
Hcumingi_16C_6_O2,233.1364469,-0.150845162,16.44363687,NA,6,6,Predation,fed,Tijeretas,Hcumingi,intertidal,Predator,20,Cold,289.15,16,11:04:22,11:19:45,R,Hcumingi6,1.5,79,0,1500,1,NA,-0.150845162,0.000188251,-0.150656911,5.423648796,5.423648796,1.859986305,intertidalCold
Hcumingi_16C_8_O2,247.4386904,-0.127761931,16.35265169,NA,8,8,Predation,fed,Tijeretas,Hcumingi,intertidal,Predator,20,Cold,289.15,16,11:04:29,11:19:48,R,Hcumingi8,1.5,23,0,1500,1.28,NA,-0.127761931,0.000188251,-0.12757368,5.813484152,5.813484152,1.918903612,intertidalCold
Hcumingi_18C_1_O2,217.3199276,-0.017569187,18.64287333,NA,1,1,Predation,fed,Tijeretas,Hcumingi,intertidal,Predator,20,Cold,291.15,18,11:41:12,11:54:09,R,Hcumingi1,1.5,49,0,1500,1.1,NA,-0.017569187,0.000134706,-0.01743448,2.72887513,2.72887513,1.316106615,intertidalCold
Hcumingi_18C_3_O2,199.3790332,-0.303290801,18.50065278,NA,3,3,Predation,fed,Tijeretas,Hcumingi,intertidal,Predator,20,Cold,291.15,18,11:41:19,11:47:48,R,Hcumingi3,1.5,39,0,1500,1.1,NA,-0.303290801,0.000134706,-0.303156094,22.27269262,22.27269262,3.147280683,intertidalCold
Hcumingi_18C_5_O2,238.9867743,-0.039683851,18.54766216,NA,5,5,Predation,fed,Tijeretas,Hcumingi,intertidal,Predator,20,Cold,291.15,18,11:41:24,11:54:15,R,Hcumingi5,1.5,100,0,1500,0.94,NA,-0.039683851,0.000134706,-0.039549145,3.650690308,3.650690308,1.537015662,intertidalCold
Hcumingi_18C_6_O2,284.1304762,-0.186734477,18.73208108,NA,6,6,Predation,fed,Tijeretas,Hcumingi,intertidal,Predator,20,Cold,291.15,18,11:41:31,11:51:15,R,Hcumingi6,1.5,79,0,1500,1,NA,-0.186734477,0.000134706,-0.186599771,6.717591756,6.717591756,2.043502367,intertidalCold
Hcumingi_18C_8_O2,210.9602654,-0.010614164,18.51889116,NA,8,8,Predation,fed,Tijeretas,Hcumingi,intertidal,Predator,20,Cold,291.15,18,11:41:37,11:54:22,R,Hcumingi8,1.5,23,0,1500,1.28,NA,-0.010614164,0.000134706,-0.010479457,0.477544876,0.477544876,0.390381843,intertidalCold
Hcumingi_20C_1_O2,240.7566676,-0.36132603,20.77586842,NA,1,1,Predation,fed,Tijeretas,Hcumingi,intertidal,Predator,20,Cold,293.15,20,12:16:10,12:19:47,R,Hcumingi1,1.5,49,0,1500,1.1,NA,-0.36132603,-0.000160707,-0.361165323,56.53022447,56.53022447,4.052310453,intertidalCold
Hcumingi_20C_3_O2,210.0061595,-0.02961337,20.84556364,NA,3,3,Predation,fed,Tijeretas,Hcumingi,intertidal,Predator,20,Cold,293.15,20,12:16:16,12:30:29,R,Hcumingi3,1.5,39,0,1500,1.1,NA,-0.02961337,-0.000160707,-0.029452662,2.163869045,2.163869045,1.15179566,intertidalCold
Hcumingi_20C_5_O2,253.6453748,-0.062167818,20.94979394,NA,5,5,Predation,fed,Tijeretas,Hcumingi,intertidal,Predator,20,Cold,293.15,20,12:16:21,12:30:33,R,Hcumingi5,1.5,100,0,1500,0.94,NA,-0.062167818,-0.000160707,-0.062007111,5.723733323,5.723733323,1.905643554,intertidalCold
Hcumingi_20C_6_O2,104.0892265,-0.09245428,20.77597872,NA,6,6,Predation,fed,Tijeretas,Hcumingi,intertidal,Predator,20,Cold,293.15,20,12:22:17,12:30:36,R,Hcumingi6,1.5,79,0,1500,1,NA,-0.09245428,-0.000160707,-0.092293572,3.322568592,3.322568592,1.463849807,intertidalCold
Hcumingi_20C_8_O2,148.9318893,-0.041299831,20.83159524,NA,8,8,Predation,fed,Tijeretas,Hcumingi,intertidal,Predator,20,Cold,293.15,20,12:16:32,12:20:33,R,Hcumingi8,1.5,23,0,1500,1.28,NA,-0.041299831,-0.000160707,-0.041139123,1.874694213,1.874694213,1.055946308,intertidalCold
Hcumingi_22C_1_O2,208.4312653,-0.033801337,22.54411852,NA,1,1,Predation,fed,Tijeretas,Hcumingi,intertidal,Predator,20,Cold,295.15,22,13:09:46,13:21:32,R,Hcumingi1,1.5,49,0,1500,1.1,NA,-0.033801337,-0.000400826,-0.033400512,5.227906226,5.227906226,1.829040197,intertidalCold
Hcumingi_22C_3_O2,208.5912446,-0.0092581,22.55016176,NA,3,3,Predation,fed,Tijeretas,Hcumingi,intertidal,Predator,20,Cold,295.15,22,13:09:48,13:21:36,R,Hcumingi3,1.5,39,0,1500,1.1,NA,-0.0092581,-0.000400826,-0.008857274,0.650738498,0.650738498,0.501222762,intertidalCold
Hcumingi_22C_5_O2,235.2710739,-0.066964748,22.6318,NA,5,5,Predation,fed,Tijeretas,Hcumingi,intertidal,Predator,20,Cold,295.15,22,13:09:57,13:21:39,R,Hcumingi5,1.5,100,0,1500,0.94,NA,-0.066964748,-0.000400826,-0.066563923,6.144362123,6.144362123,1.966323531,intertidalCold
Hcumingi_22C_6_O2,239.9288978,-0.035801666,22.61354887,NA,6,6,Predation,fed,Tijeretas,Hcumingi,intertidal,Predator,20,Cold,295.15,22,13:10:06,13:21:42,R,Hcumingi6,1.5,79,0,1500,1,NA,-0.035801666,-0.000400826,-0.03540084,1.27443024,1.27443024,0.821729577,intertidalCold
Hcumingi_22C_8_O2,200.1420928,-0.081268115,22.543,NA,8,8,Predation,fed,Tijeretas,Hcumingi,intertidal,Predator,20,Cold,295.15,22,13:10:11,13:21:44,R,Hcumingi8,1.5,23,0,1500,1.28,NA,-0.081268115,-0.000400826,-0.08086729,3.685091696,3.685091696,1.544385488,intertidalCold
Hcumingi_24C_1_O2,199.1829449,-0.029374576,24.34431818,NA,1,1,Predation,fed,Tijeretas,Hcumingi,intertidal,Predator,20,Cold,297.15,24,13:37:49,13:51:09,R,Hcumingi1,1.5,49,0,1500,1.1,NA,-0.029374576,-0.000264375,-0.029110201,4.556379287,4.556379287,1.714946689,intertidalCold
Hcumingi_24C_3_O2,203.5186048,-0.011597833,24.42013636,NA,3,3,Predation,fed,Tijeretas,Hcumingi,intertidal,Predator,20,Cold,297.15,24,13:37:54,13:51:13,R,Hcumingi3,1.5,39,0,1500,1.1,NA,-0.011597833,-0.000264375,-0.011333458,0.83266222,0.83266222,0.605769675,intertidalCold
Hcumingi_24C_5_O2,237.3489439,-0.0913846,24.51763636,NA,5,5,Predation,fed,Tijeretas,Hcumingi,intertidal,Predator,20,Cold,297.15,24,13:37:57,13:51:18,R,Hcumingi5,1.5,100,0,1500,0.94,NA,-0.0913846,-0.000264375,-0.091120225,8.411097692,8.411097692,2.241889598,intertidalCold
Hcumingi_24C_6_O2,183.3488716,-0.219429036,24.43325225,NA,6,6,Predation,fed,Tijeretas,Hcumingi,intertidal,Predator,20,Cold,297.15,24,13:41:38,13:51:22,R,Hcumingi6,1.5,79,0,1500,1,NA,-0.219429036,-0.000264375,-0.219164661,7.889927796,7.889927796,2.184918928,intertidalCold
Hcumingi_24C_8_O2,156.235756,-0.049786519,24.39998305,NA,8,8,Predation,fed,Tijeretas,Hcumingi,intertidal,Predator,20,Cold,297.15,24,13:41:09,13:51:26,R,Hcumingi8,1.5,23,0,1500,1.28,NA,-0.049786519,-0.000264375,-0.049522144,2.256705296,2.256705296,1.180716039,intertidalCold
Hcumingi_26C_1_O2,195.9415867,-0.040385285,26.09351724,NA,1,1,Predation,fed,Tijeretas,Hcumingi,intertidal,Predator,20,Cold,299.15,26,14:07:18,14:19:54,R,Hcumingi1,1.5,49,0,1500,1.1,NA,-0.040385285,-0.000529474,-0.039855811,6.238300852,6.238300852,1.97938649,intertidalCold
Hcumingi_26C_3_O2,196.8007902,-0.013401817,26.0832,NA,3,3,Predation,fed,Tijeretas,Hcumingi,intertidal,Predator,20,Cold,299.15,26,14:07:23,14:19:57,R,Hcumingi3,1.5,39,0,1500,1.1,NA,-0.013401817,-0.000529474,-0.012872344,0.945723233,0.945723233,0.66563375,intertidalCold
Hcumingi_26C_5_O2,223.5323114,-0.089126419,26.18730345,NA,5,5,Predation,fed,Tijeretas,Hcumingi,intertidal,Predator,20,Cold,299.15,26,14:07:28,14:20:01,R,Hcumingi5,1.5,100,0,1500,0.94,NA,-0.089126419,-0.000529474,-0.088596945,8.178179538,8.178179538,2.216828878,intertidalCold
Hcumingi_26C_6_O2,229.4859819,-0.026935095,26.18029655,NA,6,6,Predation,fed,Tijeretas,Hcumingi,intertidal,Predator,20,Cold,299.15,26,14:07:31,14:20:04,R,Hcumingi6,1.5,79,0,1500,1,NA,-0.026935095,-0.000529474,-0.026405621,0.950602356,0.950602356,0.668138225,intertidalCold
Hcumingi_26C_8_O2,173.7594233,-0.098148583,26.04581379,NA,8,8,Predation,fed,Tijeretas,Hcumingi,intertidal,Predator,20,Cold,299.15,26,14:07:35,14:20:07,R,Hcumingi8,1.5,23,0,1500,1.28,NA,-0.098148583,-0.000529474,-0.097619109,4.448465727,4.448465727,1.695334051,intertidalCold
Hcumingi_28C_1_O2,185.501704,-0.03643034,28.0462953,NA,1,1,Predation,fed,Tijeretas,Hcumingi,intertidal,Predator,20,Cold,301.15,28,14:34:57,14:47:52,R,Hcumingi1,1.5,49,0,1500,1.1,NA,-0.03643034,-0.001055781,-0.035374559,5.536887496,5.536887496,1.877461134,intertidalCold
Hcumingi_28C_3_O2,186.8203041,-0.026477657,28.07156376,NA,3,3,Predation,fed,Tijeretas,Hcumingi,intertidal,Predator,20,Cold,301.15,28,14:35:01,14:47:55,R,Hcumingi3,1.5,39,0,1500,1.1,NA,-0.026477657,-0.001055781,-0.025421875,1.867729592,1.867729592,1.053520634,intertidalCold
Hcumingi_28C_5_O2,208.4709754,-0.094015485,28.11828188,NA,5,5,Predation,fed,Tijeretas,Hcumingi,intertidal,Predator,20,Cold,301.15,28,14:35:05,14:47:58,R,Hcumingi5,1.5,100,0,1500,0.94,NA,-0.094015485,-0.001055781,-0.092959703,8.580895662,8.580895662,2.25977108,intertidalCold
Hcumingi_28C_6_O2,218.9010932,-0.014482673,28.14789189,NA,6,6,Predation,fed,Tijeretas,Hcumingi,intertidal,Predator,20,Cold,301.15,28,14:35:10,14:48:01,R,Hcumingi6,1.5,79,0,1500,1,NA,-0.014482673,-0.001055781,-0.013426892,0.483368112,0.483368112,0.394315254,intertidalCold
Hcumingi_28C_8_O2,158.409657,-0.074549763,28.04215541,NA,8,8,Predation,fed,Tijeretas,Hcumingi,intertidal,Predator,20,Cold,301.15,28,14:35:16,14:48:05,R,Hcumingi8,1.5,23,0,1500,1.28,NA,-0.074549763,-0.001055781,-0.073493981,3.349092805,3.349092805,1.469967273,intertidalCold
Hcumingi_30C_1_O2,176.9964215,-0.043849068,30.02308029,NA,1,1,Predation,fed,Tijeretas,Hcumingi,intertidal,Predator,20,Cold,303.15,30,15:03:52,15:15:45,R,Hcumingi1,1.5,49,0,1500,1.1,NA,-0.043849068,-0.001392418,-0.04245665,6.645388696,6.645388696,2.034102681,intertidalCold
Hcumingi_30C_3_O2,165.843733,-0.014447845,29.96105109,NA,3,3,Predation,fed,Tijeretas,Hcumingi,intertidal,Predator,20,Cold,303.15,30,15:03:57,15:15:49,R,Hcumingi3,1.5,39,0,1500,1.1,NA,-0.014447845,-0.001392418,-0.013055427,0.959174229,0.959174229,0.672523073,intertidalCold
Hcumingi_30C_5_O2,209.6399761,-0.015937482,30.09077206,NA,5,5,Predation,fed,Tijeretas,Hcumingi,intertidal,Predator,20,Cold,303.15,30,15:04:03,15:15:54,R,Hcumingi5,1.5,100,0,1500,0.94,NA,-0.015937482,-0.001392418,-0.014545064,1.342621292,1.342621292,0.851270513,intertidalCold
Hcumingi_30C_6_O2,208.6017519,-0.024415652,30.05681752,NA,6,6,Predation,fed,Tijeretas,Hcumingi,intertidal,Predator,20,Cold,303.15,30,15:04:06,15:16:00,R,Hcumingi6,1.5,79,0,1500,1,NA,-0.024415652,-0.001392418,-0.023023234,0.828836424,0.828836424,0.603679931,intertidalCold
Hcumingi_30C_8_O2,115.6631927,-0.290629091,29.941,NA,8,8,Predation,fed,Tijeretas,Hcumingi,intertidal,Predator,20,Cold,303.15,30,15:11:00,15:13:15,R,Hcumingi8,1.5,23,0,1500,1.28,NA,-0.290629091,-0.001392418,-0.289236672,13.18040531,13.18040531,2.651861104,intertidalCold
Hcumingi_32C_1_O2,171.104164,-0.066689473,32.13676923,NA,1,1,Predation,fed,Tijeretas,Hcumingi,intertidal,Predator,20,Cold,305.15,32,15:36:27,15:48:52,R,Hcumingi1,1.5,49,0,1500,1.1,NA,-0.066689473,-0.002012268,-0.064677205,10.12338861,10.12338861,2.409049973,intertidalCold
Hcumingi_32C_3_O2,145.8052412,-0.032348814,32.06000699,NA,3,3,Predation,fed,Tijeretas,Hcumingi,intertidal,Predator,20,Cold,305.15,32,15:36:31,15:48:55,R,Hcumingi3,1.5,39,0,1500,1.1,NA,-0.032348814,-0.002012268,-0.030336546,2.228807461,2.228807461,1.172112862,intertidalCold
Hcumingi_32C_5_O2,180.0995507,-0.095150681,32.15581308,NA,5,5,Predation,fed,Tijeretas,Hcumingi,intertidal,Predator,20,Cold,305.15,32,15:36:36,15:46:02,R,Hcumingi5,1.5,100,0,1500,0.94,NA,-0.095150681,-0.002012268,-0.093138413,8.597391969,8.597391969,2.261491392,intertidalCold
Hcumingi_32C_6_O2,184.5268126,-0.02741223,32.12843885,NA,6,6,Predation,fed,Tijeretas,Hcumingi,intertidal,Predator,20,Cold,305.15,32,15:36:59,15:49:02,R,Hcumingi6,1.5,79,0,1500,1,NA,-0.02741223,-0.002012268,-0.025399962,0.914398632,0.914398632,0.649403543,intertidalCold
Hcumingi_32C_8_O2,137.5065187,-0.093404225,32.04447101,NA,8,8,Predation,fed,Tijeretas,Hcumingi,intertidal,Predator,20,Cold,305.15,32,15:37:05,15:49:06,R,Hcumingi8,1.5,23,0,1500,1.28,NA,-0.093404225,-0.002012268,-0.091391958,4.16469682,4.16469682,1.641846402,intertidalCold
Hcumingi_34C_1_O2,141.084832,-0.041349001,34.04826812,NA,1,1,Predation,fed,Tijeretas,Hcumingi,intertidal,Predator,20,Cold,307.15,34,16:07:09,16:19:09,R,Hcumingi1,1.5,49,0,1500,1.1,NA,-0.041349001,-0.00217556,-0.039173442,6.13149527,6.13149527,1.964520928,intertidalCold
Hcumingi_34C_3_O2,142.6413105,-0.011617559,34.00039855,NA,3,3,Predation,fed,Tijeretas,Hcumingi,intertidal,Predator,20,Cold,307.15,34,16:07:13,16:19:12,R,Hcumingi3,1.5,39,0,1500,1.1,NA,-0.011617559,-0.00217556,-0.009441999,0.693697886,0.693697886,0.526914237,intertidalCold
Hcumingi_34C_5_O2,158.2259606,-0.085289254,34.07139416,NA,5,5,Predation,fed,Tijeretas,Hcumingi,intertidal,Predator,20,Cold,307.15,34,16:07:19,16:19:15,R,Hcumingi5,1.5,100,0,1500,0.94,NA,-0.085289254,-0.00217556,-0.083113694,7.672033292,7.672033292,2.160103284,intertidalCold
Hcumingi_34C_6_O2,183.016912,-0.037256328,34.05407299,NA,6,6,Predation,fed,Tijeretas,Hcumingi,intertidal,Predator,20,Cold,307.15,34,16:07:23,16:19:18,R,Hcumingi6,1.5,79,0,1500,1,NA,-0.037256328,-0.00217556,-0.035080768,1.262907648,1.262907648,0.816650556,intertidalCold
Hcumingi_34C_8_O2,102.074368,-0.091616614,33.97560465,NA,8,8,Predation,fed,Tijeretas,Hcumingi,intertidal,Predator,20,Cold,307.15,34,16:11:43,16:19:22,R,Hcumingi8,1.5,23,0,1500,1.28,NA,-0.091616614,-0.00217556,-0.089441054,4.075794866,4.075794866,1.624483136,intertidalCold
Hcumingi_36C_1_O2,127.0072171,-0.043297011,35.89698667,NA,1,1,Predation,fed,Tijeretas,Hcumingi,intertidal,Predator,20,Cold,309.15,36,16:37:19,16:50:20,R,Hcumingi1,1.5,49,0,1500,1.1,NA,-0.043297011,-0.001820152,-0.041476859,6.492030104,6.492030104,2.013839803,intertidalCold
Hcumingi_36C_3_O2,128.2255379,-0.043967075,35.83410667,NA,3,3,Predation,fed,Tijeretas,Hcumingi,intertidal,Predator,20,Cold,309.15,36,16:37:23,16:50:24,R,Hcumingi3,1.5,39,0,1500,1.1,NA,-0.043967075,-0.001820152,-0.042146923,3.096508629,3.096508629,1.410135057,intertidalCold
Hcumingi_36C_5_O2,141.6799769,-0.066498054,35.93558,NA,5,5,Predation,fed,Tijeretas,Hcumingi,intertidal,Predator,20,Cold,309.15,36,16:37:29,16:50:28,R,Hcumingi5,1.5,100,0,1500,0.94,NA,-0.066498054,-0.001820152,-0.064677902,5.970267877,5.970267877,1.941653657,intertidalCold
Hcumingi_36C_6_O2,178.6591737,-0.192108884,35.92834286,NA,6,6,Predation,fed,Tijeretas,Hcumingi,intertidal,Predator,20,Cold,309.15,36,16:37:32,16:46:47,R,Hcumingi6,1.5,79,0,1500,1,NA,-0.192108884,-0.001820152,-0.190288732,6.850394352,6.850394352,2.060563766,intertidalCold
Hcumingi_36C_8_O2,106.2438094,-0.067893769,35.82460952,NA,8,8,Predation,fed,Tijeretas,Hcumingi,intertidal,Predator,20,Cold,309.15,36,16:41:30,16:50:44,R,Hcumingi8,1.5,23,0,1500,1.28,NA,-0.067893769,-0.001820152,-0.066073618,3.010949681,3.010949681,1.389028041,intertidalCold
Hcumingi_39C_1_O2,110.8088668,-0.029015508,38.89543506,NA,1,1,Predation,fed,Tijeretas,Hcumingi,intertidal,Predator,20,Cold,312.15,39,17:15:38,17:28:58,R,Hcumingi1,1.5,49,0,1500,1.1,NA,-0.029015508,-0.001683533,-0.027331975,4.278048261,4.278048261,1.663556382,intertidalCold
Hcumingi_39C_3_O2,112.3649201,-0.016911354,38.82222727,NA,3,3,Predation,fed,Tijeretas,Hcumingi,intertidal,Predator,20,Cold,312.15,39,17:15:42,17:29:02,R,Hcumingi3,1.5,39,0,1500,1.1,NA,-0.016911354,-0.001683533,-0.015227821,1.118778686,1.118778686,0.750839831,intertidalCold
Hcumingi_39C_5_O2,129.8446486,-0.042224284,38.89108442,NA,5,5,Predation,fed,Tijeretas,Hcumingi,intertidal,Predator,20,Cold,312.15,39,17:15:45,17:29:06,R,Hcumingi5,1.5,100,0,1500,0.94,NA,-0.042224284,-0.001683533,-0.040540751,3.742223169,3.742223169,1.556506049,intertidalCold
Hcumingi_39C_6_O2,132.9943986,-0.060249197,38.98638961,NA,6,6,Predation,fed,Tijeretas,Hcumingi,intertidal,Predator,20,Cold,312.15,39,17:15:52,17:29:09,R,Hcumingi6,1.5,79,0,1500,1,NA,-0.060249197,-0.001683533,-0.058565664,2.108363904,2.108363904,1.134096512,intertidalCold
Hcumingi_39C_8_O2,103.5556995,-0.050449842,38.72294771,NA,8,8,Predation,fed,Tijeretas,Hcumingi,intertidal,Predator,20,Cold,312.15,39,17:15:58,17:29:13,R,Hcumingi8,1.5,23,0,1500,1.28,NA,-0.050449842,-0.001683533,-0.048766309,2.222262182,2.222262182,1.170083654,intertidalCold
Hcumingi_41C_1_O2,100.860236,-0.029613031,41.00750676,NA,1,1,Predation,fed,Tijeretas,Hcumingi,intertidal,Predator,20,Cold,314.15,41,17:49:20,18:02:10,R,Hcumingi1,1.5,49,0,1500,1.1,NA,-0.029613031,-0.000344588,-0.029268443,4.5811476,4.5811476,1.719394418,intertidalCold
Hcumingi_41C_3_O2,96.62821504,-0.027915818,41.10524324,NA,3,3,Predation,fed,Tijeretas,Hcumingi,intertidal,Predator,20,Cold,314.15,41,17:49:24,18:02:13,R,Hcumingi3,1.5,39,0,1500,1.1,NA,-0.027915818,-0.000344588,-0.027571229,2.025641314,2.025641314,1.107123074,intertidalCold
Hcumingi_41C_5_O2,118.768981,-0.053272093,41.32012838,NA,5,5,Predation,fed,Tijeretas,Hcumingi,intertidal,Predator,20,Cold,314.15,41,17:49:27,18:02:16,R,Hcumingi5,1.5,100,0,1500,0.94,NA,-0.053272093,-0.000344588,-0.052927505,4.885615846,4.885615846,1.772511382,intertidalCold
Hcumingi_41C_6_O2,138.5967517,-0.114994757,41.03587075,NA,6,6,Predation,fed,Tijeretas,Hcumingi,intertidal,Predator,20,Cold,314.15,41,17:49:35,18:02:19,R,Hcumingi6,1.5,79,0,1500,1,NA,-0.114994757,-0.000344588,-0.114650168,4.127406048,4.127406048,1.634599888,intertidalCold
Hcumingi_41C_8_O2,84.95923865,-0.026022104,41.14543151,NA,8,8,Predation,fed,Tijeretas,Hcumingi,intertidal,Predator,20,Cold,314.15,41,17:49:42,18:02:23,R,Hcumingi8,,,,,,,-0.026022104,-0.000344588,-0.025677516,1.170114653,1.170114653,0.774780002,intertidalCold