ID,Intercept,umol.L.sec,Temp.C,Date,Chamber.Channel,Run,Experiment,Location,Species,subtidal.intertidal,tref,Season ,temp.,temp,Temp.Cat,Start.time,Stop.Time,curve_id,Volume,AFDW,Blank,Total.Chamber.Vol.mL,Organism.Vol.mL,umol.sec
Tpla1_16C,240.2092364,-0.010370646,16.1522037,7/11/23,1,5,Predation,Tijeretas,Tplanospira,subtidal,25,Warm,289.15,16,16,10:30:23,10:43:56,Tpla1,0.645,3.305,0,675,30,-0.006689067
Tpla1_20C,243.0507433,-0.024743449,20.07348077,7/11/23,1,5,Predation,Tijeretas,Tplanospira,subtidal,25,Warm,293.15,20,20,11:15:08,11:28:14,Tpla1,0.645,3.305,0,675,30,-0.015959525
Tpla1_24C,233.8740641,-0.023122441,23.74964,7/11/23,1,5,Predation,Tijeretas,Tplanospira,subtidal,25,Warm,297.15,24,24,11:56:13,12:08:58,Tpla1,0.645,3.305,0,675,30,-0.014913974
Tpla1_26C,218.6845032,-0.019500197,26.34905882,7/11/23,1,5,Predation,Tijeretas,Tplanospira,subtidal,25,Warm,299.15,26,26,12:32:21,12:45:14,Tpla1,0.645,3.305,0,675,30,-0.012577627
Tpla1_28C,202.7057816,-0.020726353,28.25809259,7/11/23,1,5,Predation,Tijeretas,Tplanospira,subtidal,25,Warm,301.15,28,28,13:07:07,13:20:52,Tpla1,0.645,3.305,0,675,30,-0.013368498
Tpla1_30C,189.6439474,-0.025061701,30.11728846,7/11/23,1,5,Predation,Tijeretas,Tplanospira,subtidal,25,Warm,303.15,30,30,13:43:25,13:56:31,Tpla1,0.645,3.305,0,675,30,-0.016164797
Tpla1_32C,180.3163571,-0.023632695,32.12565385,7/11/23,1,5,Predation,Tijeretas,Tplanospira,subtidal,25,Warm,305.15,32,32,14:16:21,14:29:27,Tpla1,0.645,3.305,0,675,30,-0.015243088
Tpla1_34C,169.1211693,-0.025099489,33.95986792,7/11/23,1,5,Predation,Tijeretas,Tplanospira,subtidal,25,Warm,307.15,34,34,14:47:23,15:00:42,Tpla1,0.645,3.305,0,675,30,-0.01618917
Tpla1_36C,152.4484777,-0.026472742,36.06705769,7/11/23,1,5,Predation,Tijeretas,Tplanospira,subtidal,25,Warm,309.15,36,36,15:21:53,15:35:07,Tpla1,0.645,3.305,0,675,30,-0.017074919
Tpla1_40C,142.6465345,-0.021288177,39.06147368,7/11/23,1,5,Predation,Tijeretas,Tplanospira,subtidal,25,Warm,313.15,40,40,16:07:36,16:22:05,Tpla1,0.645,3.305,0,675,30,-0.013730874
Tpla1_42C,130.0295184,-0.013955719,41.36874074,7/11/23,1,5,Predation,Tijeretas,Tplanospira,subtidal,25,Warm,315.15,42,42,16:45:36,16:59:18,Tpla1,0.645,3.305,0,675,30,-0.009001439
Tpla2_16C,255.4570003,-0.006630952,16.12325926,7/11/23,2,5,Predation,Tijeretas,Tplanospira,subtidal,25,Warm,289.15,16,16,10:30:24,10:43:59,Tpla2,0.665,1.774,0,675,10,-0.004409583
Tpla2_20C,258.652442,-0.01072077,20.12386538,7/11/23,2,5,Predation,Tijeretas,Tplanospira,subtidal,25,Warm,293.15,20,20,11:15:10,11:28:17,Tpla2,0.665,1.774,0,675,10,-0.007129312
Tpla2_24C,249.5212515,-0.011753156,23.49658,7/11/23,2,5,Predation,Tijeretas,Tplanospira,subtidal,25,Warm,297.15,24,24,11:56:17,12:09:02,Tpla2,0.665,1.774,0,675,10,-0.007815849
Tpla2_26C,235.5210831,-0.014740592,26.41445098,7/11/23,2,5,Predation,Tijeretas,Tplanospira,subtidal,25,Warm,299.15,26,26,12:32:23,12:45:16,Tpla2,0.665,1.774,0,675,10,-0.009802494
Tpla2_28C,221.9646576,-0.015117224,28.32416667,7/11/23,2,5,Predation,Tijeretas,Tplanospira,subtidal,25,Warm,301.15,28,28,13:07:10,13:20:55,Tpla2,0.665,1.774,0,675,10,-0.010052954
Tpla2_30C,208.9421336,-0.016535679,30.04738462,7/11/23,2,5,Predation,Tijeretas,Tplanospira,subtidal,25,Warm,303.15,30,30,13:43:28,13:56:36,Tpla2,0.665,1.774,0,675,10,-0.010996227
Tpla2_32C,195.4634933,-0.019593917,32.20351923,7/11/23,2,5,Predation,Tijeretas,Tplanospira,subtidal,25,Warm,305.15,32,32,14:16:23,14:29:30,Tpla2,0.665,1.774,0,675,10,-0.013029955
Tpla2_34C,181.7506701,-0.021298494,33.89675472,7/11/23,2,5,Predation,Tijeretas,Tplanospira,subtidal,25,Warm,307.15,34,34,14:47:25,15:00:45,Tpla2,0.665,1.774,0,675,10,-0.014163499
Tpla2_36C,167.1769545,-0.02283545,35.89155769,7/11/23,2,5,Predation,Tijeretas,Tplanospira,subtidal,25,Warm,309.15,36,36,15:21:59,15:35:09,Tpla2,0.665,1.774,0,675,10,-0.015185574
Tpla2_40C,149.6934275,-0.016649522,39.26396296,7/11/23,2,5,Predation,Tijeretas,Tplanospira,subtidal,25,Warm,313.15,40,40,16:08:36,16:22:08,Tpla2,0.665,1.774,0,675,10,-0.011071932
Tpla2_42C,134.3563998,-0.017756078,41.72292593,7/11/23,2,5,Predation,Tijeretas,Tplanospira,subtidal,25,Warm,315.15,42,42,16:45:38,16:59:21,Tpla2,0.665,1.774,0,675,10,-0.011807792
Tpla3_16C,237.3713058,-0.015815958,16.25192593,7/11/23,3,5,Predation,Tijeretas,Tplanospira,subtidal,25,Warm,289.15,16,16,10:30:27,10:44:02,Tpla3,0.625,5.523,0,675,50,-0.009884974
Tpla3_20C,240.1091042,-0.021412659,20.24426923,7/11/23,3,5,Predation,Tijeretas,Tplanospira,subtidal,25,Warm,293.15,20,20,11:15:16,11:28:20,Tpla3,0.625,5.523,0,675,50,-0.013382912
Tpla3_24C,226.7121622,-0.022072706,23.41074,7/11/23,3,5,Predation,Tijeretas,Tplanospira,subtidal,25,Warm,297.15,24,24,11:56:20,12:09:05,Tpla3,0.625,5.523,0,675,50,-0.013795441
Tpla3_26C,218.8884408,-0.027063964,26.34501961,7/11/23,3,5,Predation,Tijeretas,Tplanospira,subtidal,25,Warm,299.15,26,26,12:32:27,12:45:19,Tpla3,0.625,5.523,0,675,50,-0.016914978
Tpla3_28C,206.7404775,-0.030777615,28.24085185,7/11/23,3,5,Predation,Tijeretas,Tplanospira,subtidal,25,Warm,301.15,28,28,13:07:14,13:20:58,Tpla3,0.625,5.523,0,675,50,-0.019236009
Tpla3_30C,190.5019622,-0.03292097,30.06586275,7/11/23,3,5,Predation,Tijeretas,Tplanospira,subtidal,25,Warm,303.15,30,30,13:43:45,13:56:40,Tpla3,0.625,5.523,0,675,50,-0.020575606
Tpla3_32C,191.0219056,-0.036334487,32.11096154,7/11/23,3,5,Predation,Tijeretas,Tplanospira,subtidal,25,Warm,305.15,32,32,14:16:25,14:29:32,Tpla3,0.625,5.523,0,675,50,-0.022709054
Tpla3_34C,172.2798446,-0.032457577,33.74469811,7/11/23,3,5,Predation,Tijeretas,Tplanospira,subtidal,25,Warm,307.15,34,34,14:47:29,15:00:48,Tpla3,0.625,5.523,0,675,50,-0.020285986
Tpla3_36C,150.3554929,-0.033965287,35.91878846,7/11/23,3,5,Predation,Tijeretas,Tplanospira,subtidal,25,Warm,309.15,36,36,15:22:02,15:35:13,Tpla3,0.625,5.523,0,675,50,-0.021228304
Tpla3_40C,138.2168046,-0.02006934,39.32863793,7/11/23,3,5,Predation,Tijeretas,Tplanospira,subtidal,25,Warm,313.15,40,40,16:07:40,16:22:11,Tpla3,0.625,5.523,0,675,50,-0.012543338
Tpla3_42C,127.3643554,-0.01797793,41.34792157,7/11/23,3,5,Predation,Tijeretas,Tplanospira,subtidal,25,Warm,315.15,42,42,16:46:35,16:59:25,Tpla3,0.625,5.523,0,675,50,-0.011236206
Tpla4_16C,216.5174953,-0.007234607,15.90012963,7/11/23,4,5,Predation,Tijeretas,Tplanospira,subtidal,25,Warm,289.15,16,16,10:30:32,10:44:06,Tpla4,0.64,3.553,0,675,35,-0.004630148
Tpla4_20C,218.2428999,-0.013289148,20.06073077,7/11/23,4,5,Predation,Tijeretas,Tplanospira,subtidal,25,Warm,293.15,20,20,11:15:20,11:28:23,Tpla4,0.64,3.553,0,675,35,-0.008505055
Tpla4_24C,208.6100501,-0.015940669,23.62114,7/11/23,4,5,Predation,Tijeretas,Tplanospira,subtidal,25,Warm,297.15,24,24,11:56:24,12:09:08,Tpla4,0.64,3.553,0,675,35,-0.010202028
Tpla4_26C,196.8831722,-0.018083711,26.27990196,7/11/23,4,5,Predation,Tijeretas,Tplanospira,subtidal,25,Warm,299.15,26,26,12:32:31,12:45:22,Tpla4,0.64,3.553,0,675,35,-0.011573575
Tpla4_28C,184.1272056,-0.02123568,28.20737037,7/11/23,4,5,Predation,Tijeretas,Tplanospira,subtidal,25,Warm,301.15,28,28,13:07:17,13:21:01,Tpla4,0.64,3.553,0,675,35,-0.013590835
Tpla4_30C,168.6173297,-0.021946517,29.97819608,7/11/23,4,5,Predation,Tijeretas,Tplanospira,subtidal,25,Warm,303.15,30,30,13:43:49,13:56:44,Tpla4,0.64,3.553,0,675,35,-0.014045771
Tpla4_32C,162.2252844,-0.023768451,32.041,7/11/23,4,5,Predation,Tijeretas,Tplanospira,subtidal,25,Warm,305.15,32,32,14:16:27,14:29:35,Tpla4,0.64,3.553,0,675,35,-0.015211809
Tpla4_34C,151.8497467,-0.028765386,33.67616981,7/11/23,4,5,Predation,Tijeretas,Tplanospira,subtidal,25,Warm,307.15,34,34,14:47:33,15:00:51,Tpla4,0.64,3.553,0,675,35,-0.018409847
Tpla4_36C,133.3350392,-0.026165229,35.6645,7/11/23,4,5,Predation,Tijeretas,Tplanospira,subtidal,25,Warm,309.15,36,36,15:22:05,15:35:16,Tpla4,0.64,3.553,0,675,35,-0.016745747
Tpla4_40C,124.5480771,-0.013975508,39.39287931,7/11/23,4,5,Predation,Tijeretas,Tplanospira,subtidal,25,Warm,313.15,40,40,16:07:42,16:22:14,Tpla4,0.64,3.553,0,675,35,-0.008944325
Tpla4_42C,113.8742358,-0.014688671,41.27612245,7/11/23,4,5,Predation,Tijeretas,Tplanospira,subtidal,25,Warm,315.15,42,42,16:46:44,16:59:15,Tpla4,0.64,3.553,0,675,35,-0.009400749
Tpla5_16C,298.6991572,-0.010879848,16.3200566,7/11/23,5,5,Predation,Tijeretas,Tplanospira,subtidal,25,Warm,289.15,16,16,10:30:37,10:44:08,Tpla5,0.63,5.078,0,675,45,-0.006854304
Tpla5_20C,300.8609023,-0.024222112,20.05661538,7/11/23,5,5,Predation,Tijeretas,Tplanospira,subtidal,25,Warm,293.15,20,20,11:15:23,11:28:25,Tpla5,0.63,5.078,0,675,45,-0.015259931
Tpla5_24C,286.5708137,-0.026603054,23.60232,7/11/23,5,5,Predation,Tijeretas,Tplanospira,subtidal,25,Warm,297.15,24,24,11:56:27,12:09:12,Tpla5,0.63,5.078,0,675,45,-0.016759924
Tpla5_26C,277.9599824,-0.020644464,26.37705882,7/11/23,5,5,Predation,Tijeretas,Tplanospira,subtidal,25,Warm,299.15,26,26,12:32:35,12:45:25,Tpla5,0.63,5.078,0,675,45,-0.013006012
Tpla5_28C,262.1716192,-0.023812896,28.26353704,7/11/23,5,5,Predation,Tijeretas,Tplanospira,subtidal,25,Warm,301.15,28,28,13:07:21,13:21:04,Tpla5,0.63,5.078,0,675,45,-0.015002124
Tpla5_30C,244.2517875,-0.031619236,29.98168627,7/11/23,5,5,Predation,Tijeretas,Tplanospira,subtidal,25,Warm,303.15,30,30,13:43:53,13:56:47,Tpla5,0.63,5.078,0,675,45,-0.019920119
Tpla5_32C,229.9158898,-0.033724462,32.05528846,7/11/23,5,5,Predation,Tijeretas,Tplanospira,subtidal,25,Warm,305.15,32,32,14:16:30,14:29:37,Tpla5,0.63,5.078,0,675,45,-0.021246411
Tpla5_34C,215.3125937,-0.053404505,33.73616981,7/11/23,5,5,Predation,Tijeretas,Tplanospira,subtidal,25,Warm,307.15,34,34,14:47:37,15:00:54,Tpla5,0.63,5.078,0,675,45,-0.033644838
Tpla5_36C,194.1528503,-0.061050323,35.73067308,7/11/23,5,5,Predation,Tijeretas,Tplanospira,subtidal,25,Warm,309.15,36,36,15:22:09,15:35:18,Tpla5,0.63,5.078,0,675,45,-0.038461703
Tpla5_40C,163.1260566,-0.028659341,39.822,7/11/23,5,5,Predation,Tijeretas,Tplanospira,subtidal,25,Warm,313.15,40,40,16:13:13,16:22:17,Tpla5,0.63,5.078,0,675,45,-0.018055385
Tpla5_42C,161.4557312,-0.029714357,41.118,7/11/23,5,5,Predation,Tijeretas,Tplanospira,subtidal,25,Warm,315.15,42,42,16:45:46,16:59:30,Tpla5,0.63,5.078,0,675,45,-0.018720045
Tpla7_16C,231.9196496,-0.010726928,16.29022642,7/11/23,7,5,Predation,Tijeretas,Tplanospira,subtidal,25,Warm,289.15,16,16,10:30:44,10:44:14,Tpla7,0.625,3.103,0,675,50,-0.00670433
Tpla7_20C,231.837025,-0.015173821,20.155,7/11/23,7,5,Predation,Tijeretas,Tplanospira,subtidal,25,Warm,293.15,20,20,11:15:30,11:28:32,Tpla7,0.625,3.103,0,675,50,-0.009483638
Tpla7_24C,224.4253983,-0.016412849,23.87456,7/11/23,7,5,Predation,Tijeretas,Tplanospira,subtidal,25,Warm,297.15,24,24,11:56:35,12:09:19,Tpla7,0.625,3.103,0,675,50,-0.010258031
Tpla7_26C,212.3737672,-0.021037176,26.41354902,7/11/23,7,5,Predation,Tijeretas,Tplanospira,subtidal,25,Warm,299.15,26,26,12:32:41,12:45:34,Tpla7,0.625,3.103,0,675,50,-0.013148235
Tpla7_28C,196.6725051,-0.022502053,28.36335185,7/11/23,7,5,Predation,Tijeretas,Tplanospira,subtidal,25,Warm,301.15,28,28,13:07:29,13:21:11,Tpla7,0.625,3.103,0,675,50,-0.014063783
Tpla7_30C,185.5516701,-0.026748005,30.0517451,7/11/23,7,5,Predation,Tijeretas,Tplanospira,subtidal,25,Warm,303.15,30,30,13:44:05,13:56:53,Tpla7,0.625,3.103,0,675,50,-0.016717503
Tpla7_32C,170.487143,-0.027637389,32.32434615,7/11/23,7,5,Predation,Tijeretas,Tplanospira,subtidal,25,Warm,305.15,32,32,14:16:34,14:29:45,Tpla7,0.625,3.103,0,675,50,-0.017273368
Tpla7_34C,163.9236106,-0.031595796,33.88539623,7/11/23,7,5,Predation,Tijeretas,Tplanospira,subtidal,25,Warm,307.15,34,34,14:47:46,15:01:03,Tpla7,0.625,3.103,0,675,50,-0.019747373
Tpla7_36C,147.4358842,-0.030485222,35.67536538,7/11/23,7,5,Predation,Tijeretas,Tplanospira,subtidal,25,Warm,309.15,36,36,15:22:15,15:35:26,Tpla7,0.625,3.103,0,675,50,-0.019053264
Tpla7_40C,134.1481718,-0.014902505,39.20159649,7/11/23,7,5,Predation,Tijeretas,Tplanospira,subtidal,25,Warm,313.15,40,40,16:07:52,16:22:23,Tpla7,0.625,3.103,0,675,50,-0.009314066
Tpla7_42C,123.6143191,-0.014574816,41.36762963,7/11/23,7,5,Predation,Tijeretas,Tplanospira,subtidal,25,Warm,315.15,42,42,16:45:52,16:59:36,Tpla7,0.625,3.103,0,675,50,-0.00910926
Tpla8_16C,244.155737,-0.008322986,16.23790566,7/11/23,8,5,Predation,Tijeretas,Tplanospira,subtidal,25,Warm,289.15,16,16,10:30:47,10:44:17,Tpla8,0.63,3.157,0,675,45,-0.005243481
Tpla8_20C,242.8252935,-0.010210205,20.02656863,7/11/23,8,5,Predation,Tijeretas,Tplanospira,subtidal,25,Warm,293.15,20,20,11:15:34,11:28:35,Tpla8,0.63,3.157,0,675,45,-0.006432429
Tpla8_24C,230.6296507,-0.022842787,22.87696,7/11/23,8,5,Predation,Tijeretas,Tplanospira,subtidal,25,Warm,297.15,24,24,11:56:39,12:09:23,Tpla8,0.63,3.157,0,675,45,-0.014390956
Tpla8_26C,219.4789256,-0.021104631,26.35121569,7/11/23,8,5,Predation,Tijeretas,Tplanospira,subtidal,25,Warm,299.15,26,26,12:32:46,12:45:37,Tpla8,0.63,3.157,0,675,45,-0.013295918
Tpla8_28C,207.4114112,-0.02568343,28.147,7/11/23,8,5,Predation,Tijeretas,Tplanospira,subtidal,25,Warm,301.15,28,28,13:07:32,13:21:15,Tpla8,0.63,3.157,0,675,45,-0.016180561
Tpla8_30C,192.7272576,-0.026755188,30.00958824,7/11/23,8,5,Predation,Tijeretas,Tplanospira,subtidal,25,Warm,303.15,30,30,13:44:08,13:56:56,Tpla8,0.63,3.157,0,675,45,-0.016855768
Tpla8_32C,180.731297,-0.027229648,32.05682692,7/11/23,8,5,Predation,Tijeretas,Tplanospira,subtidal,25,Warm,305.15,32,32,14:16:36,14:29:49,Tpla8,0.63,3.157,0,675,45,-0.017154678
Tpla8_34C,170.4955476,-0.035313103,33.83815094,7/11/23,8,5,Predation,Tijeretas,Tplanospira,subtidal,25,Warm,307.15,34,34,14:47:49,15:01:06,Tpla8,0.63,3.157,0,675,45,-0.022247255
Tpla8_36C,151.8931603,-0.031851498,35.70363462,7/11/23,8,5,Predation,Tijeretas,Tplanospira,subtidal,25,Warm,309.15,36,36,15:22:18,15:35:29,Tpla8,0.63,3.157,0,675,45,-0.020066444
Tpla8_40C,138.7141776,-0.018481691,39.24205263,7/11/23,8,5,Predation,Tijeretas,Tplanospira,subtidal,25,Warm,313.15,40,40,16:07:55,16:22:26,Tpla8,0.63,3.157,0,675,45,-0.011643465
Tpla8_42C,129.1017057,-0.017210049,41.32292453,7/11/23,8,5,Predation,Tijeretas,Tplanospira,subtidal,25,Warm,315.15,42,42,16:46:15,16:59:40,Tpla8,0.63,3.157,0,675,45,-0.010842331
Tpla9_16C,303.4314683,-0.007739632,16.21043396,7/11/23,9,5,Predation,Tijeretas,Tplanospira,subtidal,25,Warm,289.15,16,16,10:30:54,10:44:20,Tpla9,0.64,1.378,0,675,35,-0.004953364
Tpla9_20C,306.0293268,-0.008487437,20.08468627,7/11/23,9,5,Predation,Tijeretas,Tplanospira,subtidal,25,Warm,293.15,20,20,11:15:38,11:28:38,Tpla9,0.64,1.378,0,675,35,-0.00543196
Tpla9_24C,292.4989537,-0.01024641,23.37636,7/11/23,9,5,Predation,Tijeretas,Tplanospira,subtidal,25,Warm,297.15,24,24,11:56:44,12:09:27,Tpla9,0.64,1.378,0,675,35,-0.006557702
Tpla9_26C,280.7480793,-0.01308108,26.34005882,7/11/23,9,5,Predation,Tijeretas,Tplanospira,subtidal,25,Warm,299.15,26,26,12:32:51,12:45:40,Tpla9,0.64,1.378,0,675,35,-0.008371891
Tpla9_28C,267.6076531,-0.015539323,28.23948148,7/11/23,9,5,Predation,Tijeretas,Tplanospira,subtidal,25,Warm,301.15,28,28,13:07:36,13:21:18,Tpla9,0.64,1.378,0,675,35,-0.009945167
Tpla9_30C,247.9165927,-0.018446341,29.93766667,7/11/23,9,5,Predation,Tijeretas,Tplanospira,subtidal,25,Warm,303.15,30,30,13:44:11,13:57:02,Tpla9,0.64,1.378,0,675,35,-0.011805658
Tpla9_32C,232.9295171,-0.021735163,32.07048077,7/11/23,9,5,Predation,Tijeretas,Tplanospira,subtidal,25,Warm,305.15,32,32,14:16:38,14:29:51,Tpla9,0.64,1.378,0,675,35,-0.013910504
Tpla9_34C,217.6203574,-0.024970893,33.85081132,7/11/23,9,5,Predation,Tijeretas,Tplanospira,subtidal,25,Warm,307.15,34,34,14:47:53,15:01:10,Tpla9,0.64,1.378,0,675,35,-0.015981372
Tpla9_36C,205.6632689,-0.02375362,35.78661538,7/11/23,9,5,Predation,Tijeretas,Tplanospira,subtidal,25,Warm,309.15,36,36,15:22:21,15:35:32,Tpla9,0.64,1.378,0,675,35,-0.015202317
Tpla9_40C,179.4510572,-0.013629002,39.34453448,7/11/23,9,5,Predation,Tijeretas,Tplanospira,subtidal,25,Warm,313.15,40,40,16:07:58,16:22:30,Tpla9,0.64,1.378,0,675,35,-0.008722561
Tpla9_42C,164.5695991,-0.011444738,41.25318519,7/11/23,9,5,Predation,Tijeretas,Tplanospira,subtidal,25,Warm,315.15,42,42,16:45:58,16:59:43,Tpla9,0.64,1.378,0,675,35,-0.007324632
Vmel1_20C,228.9740695,-0.010663146,20.2689,7/4/23,1,1,Predation,Tijeretas,Vmelones,subtidal,25,Warm,293.15,20,20,10:51:32,11:06:38,Vmel1,0.615,3.832,0,675,60,-0.006557835
Vmel1_24C,203.5827453,-0.021516311,24.20572414,7/4/23,1,1,Predation,Tijeretas,Vmelones,subtidal,25,Warm,297.15,24,24,11:39:55,11:54:30,Vmel1,0.615,3.832,0,675,60,-0.013232531
Vmel1_26C,198.4157349,-0.012495027,25.70654098,7/4/23,1,1,Predation,Tijeretas,Vmelones,subtidal,25,Warm,299.15,26,26,12:21:41,12:37:04,Vmel1,0.615,3.832,0,675,60,-0.007684442
Vmel1_28C,196.9057225,-0.013567238,27.6422069,7/4/23,1,1,Predation,Tijeretas,Vmelones,subtidal,25,Warm,301.15,28,28,13:01:23,13:16:05,Vmel1,0.615,3.832,0,675,60,-0.008343851
Vmel1_30C,192.9783651,-0.015152229,29.15043243,7/4/23,1,1,Predation,Tijeretas,Vmelones,subtidal,25,Warm,303.15,30,30,13:38:41,13:57:25,Vmel1,0.615,3.832,0,675,60,-0.009318621
Vmel1_32C,176.704667,-0.019518818,31.81623333,7/4/23,1,1,Predation,Tijeretas,Vmelones,subtidal,25,Warm,305.15,32,32,14:06:39,14:21:45,Vmel1,0.615,3.832,0,675,60,-0.012004073
Vmel1_34C,171.1415799,-0.020048913,33.53527419,7/4/23,1,1,Predation,Tijeretas,Vmelones,subtidal,25,Warm,307.15,34,34,14:46:00,15:01:36,Vmel1,0.615,3.832,0,675,60,-0.012330081
Vmel1_36C,162.3676364,-0.0209003,35.75027119,7/4/23,1,1,Predation,Tijeretas,Vmelones,subtidal,25,Warm,309.15,36,36,15:21:14,15:36:10,Vmel1,0.615,3.832,0,675,60,-0.012853685
Vmel1_40C,136.0472181,-0.026304592,39.55573134,7/4/23,1,1,Predation,Tijeretas,Vmelones,subtidal,25,Warm,313.15,40,40,16:30:32,16:47:24,Vmel1,0.615,3.832,0,675,60,-0.016177324
Vmel3_20C,229.9723462,-0.005847334,20.3104,7/4/23,3,1,Predation,Tijeretas,Vmelones,subtidal,25,Warm,293.15,20,20,10:51:37,11:06:43,Vmel3,0.615,1.685,0,675,60,-0.00359611
Vmel3_24C,210.4647,-0.008305378,24.27158621,7/4/23,3,1,Predation,Tijeretas,Vmelones,subtidal,25,Warm,297.15,24,24,11:40:02,11:54:36,Vmel3,0.615,1.685,0,675,60,-0.005107807
Vmel3_26C,207.1358711,-0.013047302,25.86627869,7/4/23,3,1,Predation,Tijeretas,Vmelones,subtidal,25,Warm,299.15,26,26,12:21:46,12:37:12,Vmel3,0.615,1.685,0,675,60,-0.008024091
Vmel3_28C,198.041245,-0.010291397,27.82758621,7/4/23,3,1,Predation,Tijeretas,Vmelones,subtidal,25,Warm,301.15,28,28,13:01:28,13:16:11,Vmel3,0.615,1.685,0,675,60,-0.006329209
Vmel3_30C,192.1323662,-0.012332702,29.38997297,7/4/23,3,1,Predation,Tijeretas,Vmelones,subtidal,25,Warm,303.15,30,30,13:38:51,13:57:29,Vmel3,0.615,1.685,0,675,60,-0.007584612
Vmel3_32C,180.6737554,-0.013427633,32.13135,7/4/23,3,1,Predation,Tijeretas,Vmelones,subtidal,25,Warm,305.15,32,32,14:06:47,14:21:51,Vmel3,0.615,1.685,0,675,60,-0.008257994
Vmel3_34C,172.0656734,-0.014670976,33.7163871,7/4/23,3,1,Predation,Tijeretas,Vmelones,subtidal,25,Warm,307.15,34,34,14:46:05,15:01:49,Vmel3,0.615,1.685,0,675,60,-0.00902265
Vmel3_36C,161.2063766,-0.015015208,35.97613333,7/4/23,3,1,Predation,Tijeretas,Vmelones,subtidal,25,Warm,309.15,36,36,15:21:17,15:36:19,Vmel3,0.615,1.685,0,675,60,-0.009234353
Vmel3_40C,139.8601838,-0.016670707,39.80334328,7/4/23,3,1,Predation,Tijeretas,Vmelones,subtidal,25,Warm,313.15,40,40,16:30:36,16:47:30,Vmel3,0.615,1.685,0,675,60,-0.010252485
Vmel4_20C,207.219063,-0.005559199,20.23771667,7/4/23,4,1,Predation,Tijeretas,Vmelones,subtidal,25,Warm,293.15,20,20,10:51:40,11:06:46,Vmel4,0.595,2.802,0,675,80,-0.003307723
Vmel4_24C,190.123935,-0.009003695,24.22331034,7/4/23,4,1,Predation,Tijeretas,Vmelones,subtidal,25,Warm,297.15,24,24,11:40:04,11:54:39,Vmel4,0.595,2.802,0,675,80,-0.005357199
Vmel4_26C,185.554697,-0.009359789,25.76283607,7/4/23,4,1,Predation,Tijeretas,Vmelones,subtidal,25,Warm,299.15,26,26,12:21:49,12:37:15,Vmel4,0.595,2.802,0,675,80,-0.005569074
Vmel4_28C,173.2708167,-0.009649164,27.74187931,7/4/23,4,1,Predation,Tijeretas,Vmelones,subtidal,25,Warm,301.15,28,28,13:01:31,13:16:13,Vmel4,0.595,2.802,0,675,80,-0.005741253
Vmel4_30C,173.2460543,-0.011897178,29.21747297,7/4/23,4,1,Predation,Tijeretas,Vmelones,subtidal,25,Warm,303.15,30,30,13:38:54,13:57:32,Vmel4,0.595,2.802,0,675,80,-0.007078821
Vmel4_32C,160.8400226,-0.011704811,31.86206667,7/4/23,4,1,Predation,Tijeretas,Vmelones,subtidal,25,Warm,305.15,32,32,14:06:51,14:21:54,Vmel4,0.595,2.802,0,675,80,-0.006964363
Vmel4_34C,152.1534438,-0.012743484,33.51362903,7/4/23,4,1,Predation,Tijeretas,Vmelones,subtidal,25,Warm,307.15,34,34,14:46:08,15:01:54,Vmel4,0.595,2.802,0,675,80,-0.007582373
Vmel4_36C,143.5256393,-0.01515662,35.75746667,7/4/23,4,1,Predation,Tijeretas,Vmelones,subtidal,25,Warm,309.15,36,36,15:21:20,15:36:22,Vmel4,0.595,2.802,0,675,80,-0.009018189
Vmel4_40C,121.6154561,-0.01654192,39.66271642,7/4/23,4,1,Predation,Tijeretas,Vmelones,subtidal,25,Warm,313.15,40,40,16:30:42,16:47:32,Vmel4,0.595,2.802,0,675,80,-0.009842442
Vmel5_20C,277.9879309,-0.014241307,20.24183333,7/4/23,5,1,Predation,Tijeretas,Vmelones,subtidal,25,Warm,293.15,20,20,10:51:43,11:06:49,Vmel5,0.603,3.51,0,675,72,-0.008587508
Vmel5_24C,261.1567982,-0.019473937,24.19075862,7/4/23,5,1,Predation,Tijeretas,Vmelones,subtidal,25,Warm,297.15,24,24,11:40:07,11:54:42,Vmel5,0.603,3.51,0,675,72,-0.011742784
Vmel5_26C,252.3690262,-0.020126046,25.83963934,7/4/23,5,1,Predation,Tijeretas,Vmelones,subtidal,25,Warm,299.15,26,26,12:21:52,12:37:19,Vmel5,0.603,3.51,0,675,72,-0.012136006
Vmel5_28C,243.7815019,-0.017996577,27.68301724,7/4/23,5,1,Predation,Tijeretas,Vmelones,subtidal,25,Warm,301.15,28,28,13:01:36,13:16:16,Vmel5,0.603,3.51,0,675,72,-0.010851936
Vmel5_30C,230.6034859,-0.02262458,29.22533784,7/4/23,5,1,Predation,Tijeretas,Vmelones,subtidal,25,Warm,303.15,30,30,13:38:56,13:57:34,Vmel5,0.603,3.51,0,675,72,-0.013642622
Vmel5_32C,222.0331056,-0.023952332,31.91361667,7/4/23,5,1,Predation,Tijeretas,Vmelones,subtidal,25,Warm,305.15,32,32,14:06:55,14:21:57,Vmel5,0.603,3.51,0,675,72,-0.014443256
Vmel5_34C,205.678758,-0.010624889,33.55251613,7/4/23,5,1,Predation,Tijeretas,Vmelones,subtidal,25,Warm,307.15,34,34,14:46:12,15:01:57,Vmel5,0.603,3.51,0,675,72,-0.006406808
Vmel5_36C,198.2744543,-0.029050459,35.81635593,7/4/23,5,1,Predation,Tijeretas,Vmelones,subtidal,25,Warm,309.15,36,36,15:21:23,15:36:24,Vmel5,0.603,3.51,0,675,72,-0.017517427
Vmel5_40C,170.7831574,-0.029226331,39.66068657,7/4/23,5,1,Predation,Tijeretas,Vmelones,subtidal,25,Warm,313.15,40,40,16:30:44,16:47:36,Vmel5,0.603,3.51,0,675,72,-0.017623478
Vmel6_20C,270.0515584,-0.015026894,20.36103333,7/4/23,6,1,Predation,Tijeretas,Vmelones,subtidal,25,Warm,293.15,20,20,10:51:47,11:06:52,Vmel6,0.605,2.158,0,675,70,-0.009091271
Vmel6_24C,243.133668,-0.014155217,24.315125,7/4/23,6,1,Predation,Tijeretas,Vmelones,subtidal,25,Warm,297.15,24,24,11:40:11,11:54:23,Vmel6,0.605,2.158,0,675,70,-0.008563906
Vmel6_26C,238.7233016,-0.021523762,25.85816393,7/4/23,6,1,Predation,Tijeretas,Vmelones,subtidal,25,Warm,299.15,26,26,12:21:55,12:37:21,Vmel6,0.605,2.158,0,675,70,-0.013021876
Vmel6_28C,226.6001374,-0.015093034,27.67356897,7/4/23,6,1,Predation,Tijeretas,Vmelones,subtidal,25,Warm,301.15,28,28,13:01:40,13:16:18,Vmel6,0.605,2.158,0,675,70,-0.009131286
Vmel6_30C,224.5387683,-0.017357863,29.27771622,7/4/23,6,1,Predation,Tijeretas,Vmelones,subtidal,25,Warm,303.15,30,30,13:38:59,13:57:36,Vmel6,0.605,2.158,0,675,70,-0.010501507
Vmel6_32C,208.8924149,-0.019969188,31.9624,7/4/23,6,1,Predation,Tijeretas,Vmelones,subtidal,25,Warm,305.15,32,32,14:06:58,14:22:01,Vmel6,0.605,2.158,0,675,70,-0.012081359
Vmel6_34C,197.7420219,-0.019201387,33.58948387,7/4/23,6,1,Predation,Tijeretas,Vmelones,subtidal,25,Warm,307.15,34,34,14:46:16,15:02:00,Vmel6,0.605,2.158,0,675,70,-0.011616839
Vmel6_36C,190.3973797,-0.020797261,35.88391525,7/4/23,6,1,Predation,Tijeretas,Vmelones,subtidal,25,Warm,309.15,36,36,15:21:28,15:36:28,Vmel6,0.605,2.158,0,675,70,-0.012582343
Vmel6_40C,161.7939533,-0.017966152,39.74971642,7/4/23,6,1,Predation,Tijeretas,Vmelones,subtidal,25,Warm,313.15,40,40,16:30:48,16:47:38,Vmel6,0.605,2.158,0,675,70,-0.010869522
Vmel7_20C,217.6747534,-0.008077997,20.28428333,7/4/23,7,1,Predation,Tijeretas,Vmelones,subtidal,25,Warm,293.15,20,20,10:51:49,11:06:55,Vmel7,0.61,2.8,0,675,65,-0.004927578
Vmel7_24C,204.6322737,-0.008330268,24.29243103,7/4/23,7,1,Predation,Tijeretas,Vmelones,subtidal,25,Warm,297.15,24,24,11:40:15,11:54:48,Vmel7,0.61,2.8,0,675,65,-0.005081463
Vmel7_26C,197.1880207,-0.00923802,25.74836066,7/4/23,7,1,Predation,Tijeretas,Vmelones,subtidal,25,Warm,299.15,26,26,12:21:58,12:37:25,Vmel7,0.61,2.8,0,675,65,-0.005635192
Vmel7_28C,190.6014657,-0.010430611,27.78674138,7/4/23,7,1,Predation,Tijeretas,Vmelones,subtidal,25,Warm,301.15,28,28,13:01:42,13:16:21,Vmel7,0.61,2.8,0,675,65,-0.006362673
Vmel7_30C,185.9649369,-0.012261808,29.28928378,7/4/23,7,1,Predation,Tijeretas,Vmelones,subtidal,25,Warm,303.15,30,30,13:39:02,13:57:38,Vmel7,0.61,2.8,0,675,65,-0.007479703
Vmel7_32C,172.2115428,-0.014749882,32.06638333,7/4/23,7,1,Predation,Tijeretas,Vmelones,subtidal,25,Warm,305.15,32,32,14:07:02,14:22:05,Vmel7,0.61,2.8,0,675,65,-0.008997428
Vmel7_34C,165.8864328,-0.013045304,33.49879032,7/4/23,7,1,Predation,Tijeretas,Vmelones,subtidal,25,Warm,307.15,34,34,14:46:20,15:02:04,Vmel7,0.61,2.8,0,675,65,-0.007957635
Vmel7_36C,155.8152047,-0.013455049,35.94720339,7/4/23,7,1,Predation,Tijeretas,Vmelones,subtidal,25,Warm,309.15,36,36,15:21:30,15:36:30,Vmel7,0.61,2.8,0,675,65,-0.00820758
Vmel7_40C,130.2194118,-0.017497468,39.77556716,7/4/23,7,1,Predation,Tijeretas,Vmelones,subtidal,25,Warm,313.15,40,40,16:30:51,16:47:41,Vmel7,0.61,2.8,0,675,65,-0.010673455
Vmel8_20C,233.4801432,-0.010465721,20.26891667,7/4/23,8,1,Predation,Tijeretas,Vmelones,subtidal,25,Warm,293.15,20,20,10:51:53,11:06:58,Vmel8,0.62,2.882,0,675,55,-0.006488747
Vmel8_24C,214.9428013,-0.018697364,24.08693103,7/4/23,8,1,Predation,Tijeretas,Vmelones,subtidal,25,Warm,297.15,24,24,11:40:19,11:54:52,Vmel8,0.62,2.882,0,675,55,-0.011592366
Vmel8_26C,209.5552608,-0.021503087,25.79072131,7/4/23,8,1,Predation,Tijeretas,Vmelones,subtidal,25,Warm,299.15,26,26,12:22:02,12:37:28,Vmel8,0.62,2.882,0,675,55,-0.013331914
Vmel8_28C,193.7658926,-0.013697305,27.64246552,7/4/23,8,1,Predation,Tijeretas,Vmelones,subtidal,25,Warm,301.15,28,28,13:01:46,13:16:24,Vmel8,0.62,2.882,0,675,55,-0.008492329
Vmel8_30C,193.6052685,-0.013592479,29.25925676,7/4/23,8,1,Predation,Tijeretas,Vmelones,subtidal,25,Warm,303.15,30,30,13:39:05,13:57:40,Vmel8,0.62,2.882,0,675,55,-0.008427337
Vmel8_32C,180.715336,-0.015882126,31.83635593,7/4/23,8,1,Predation,Tijeretas,Vmelones,subtidal,25,Warm,305.15,32,32,14:07:08,14:22:09,Vmel8,0.62,2.882,0,675,55,-0.009846918
Vmel8_34C,172.6934869,-0.014706094,33.46606452,7/4/23,8,1,Predation,Tijeretas,Vmelones,subtidal,25,Warm,307.15,34,34,14:46:23,15:02:08,Vmel8,0.62,2.882,0,675,55,-0.009117778
Vmel8_36C,165.7144956,-0.026578035,35.77467797,7/4/23,8,1,Predation,Tijeretas,Vmelones,subtidal,25,Warm,309.15,36,36,15:21:34,15:36:33,Vmel8,0.62,2.882,0,675,55,-0.016478382
Vmel8_40C,139.4135857,-0.019925045,39.56477612,7/4/23,8,1,Predation,Tijeretas,Vmelones,subtidal,25,Warm,313.15,40,40,16:30:54,16:47:45,Vmel8,0.62,2.882,0,675,55,-0.012353528
Vmel9_20C,282.7194607,-0.01239458,20.30715,7/4/23,9,1,Predation,Tijeretas,Vmelones,subtidal,25,Warm,293.15,20,20,10:51:55,11:07:04,Vmel9,0.615,2.322,0,675,60,-0.007622667
Vmel9_24C,258.4584549,-0.013546391,24.22194737,7/4/23,9,1,Predation,Tijeretas,Vmelones,subtidal,25,Warm,297.15,24,24,11:40:26,11:54:56,Vmel9,0.615,2.322,0,675,60,-0.00833103
Vmel9_26C,252.8371295,-0.012664911,25.80819672,7/4/23,9,1,Predation,Tijeretas,Vmelones,subtidal,25,Warm,299.15,26,26,12:22:05,12:37:31,Vmel9,0.615,2.322,0,675,60,-0.00778892
Vmel9_28C,241.1010137,-0.014911986,27.72198276,7/4/23,9,1,Predation,Tijeretas,Vmelones,subtidal,25,Warm,301.15,28,28,13:01:50,13:16:27,Vmel9,0.615,2.322,0,675,60,-0.009170871
Vmel9_30C,238.6709798,-0.017196001,29.19585135,7/4/23,9,1,Predation,Tijeretas,Vmelones,subtidal,25,Warm,303.15,30,30,13:39:07,13:57:43,Vmel9,0.615,2.322,0,675,60,-0.010575541
Vmel9_32C,227.1171149,-0.020188642,31.77828,7/4/23,9,1,Predation,Tijeretas,Vmelones,subtidal,25,Warm,305.15,32,32,14:09:38,14:22:12,Vmel9,0.615,2.322,0,675,60,-0.012416015
Vmel9_34C,212.1891711,-0.019597649,33.50493548,7/4/23,9,1,Predation,Tijeretas,Vmelones,subtidal,25,Warm,307.15,34,34,14:46:26,15:02:12,Vmel9,0.615,2.322,0,675,60,-0.012052554
Vmel9_36C,197.6501849,-0.023892175,35.80418333,7/4/23,9,1,Predation,Tijeretas,Vmelones,subtidal,25,Warm,309.15,36,36,15:21:37,15:36:40,Vmel9,0.615,2.322,0,675,60,-0.014693688
Vmel9_40C,168.6899974,-0.028083891,39.64116418,7/4/23,9,1,Predation,Tijeretas,Vmelones,subtidal,25,Warm,313.15,40,40,16:30:56,16:47:47,Vmel9,0.615,2.322,0,675,60,-0.017271593
W1_16C,174.0629488,-0.012703428,16.15015686,6/28/22,1,8,Predation,La Barcaza,Hprinceps,subtidal,22,Cold,289.15,16,16,14:39:00,14:51:59,W1,1.5,67,0,1.2,300,-0.012703428
W1_20C,179.5167096,-0.027841558,20.16014773,6/28/22,1,8,Predation,La Barcaza,Hprinceps,subtidal,22,Cold,293.15,20,20,15:44:14,16:06:21,W1,1.5,67,0,1.2,300,-0.027841558
W1_22C,224.4357142,-0.021051601,22.15801852,6/28/22,1,8,Predation,La Barcaza,Hprinceps,subtidal,22,Cold,295.15,22,22,16:22:20,16:36:01,W1,1.5,67,0,1.2,300,-0.021051601
W1_24C,215.7077217,-0.039914958,24.12107692,6/28/22,1,8,Predation,La Barcaza,Hprinceps,subtidal,22,Cold,297.15,24,24,17:04:54,17:18:06,W1,1.5,67,0,1.2,300,-0.039914958
W1_26C,209.5128557,-0.053584021,26.21686364,6/28/22,1,8,Predation,La Barcaza,Hprinceps,subtidal,22,Cold,299.15,26,26,17:39:43,17:56:29,W1,1.5,67,0,1.2,300,-0.053584021
W1_28C   ,202.213382,-0.060381595,28.00707317,6/28/22,1,8,Predation,La Barcaza,Hprinceps,subtidal,22,Cold,301.15,28,28,18:27:21,18:37:52,W1,1.5,67,0,1.2,300,-0.060381595
W1_30C,181.1189995,-0.056335918,29.98428333,6/28/22,1,8,Predation,La Barcaza,Hprinceps,subtidal,22,Cold,303.15,30,30,19:01:49,19:16:56,W1,1.5,67,0,1.2,300,-0.056335918
W1_32C,177.8077261,-0.068904564,32.0105625,6/28/22,1,8,Predation,La Barcaza,Hprinceps,subtidal,22,Cold,305.15,32,32,19:45:31,19:57:38,W1,1.5,67,0,1.2,300,-0.068904564
W1_34C,169.3368568,-0.039922981,33.96644828,6/28/22,1,8,Predation,La Barcaza,Hprinceps,subtidal,22,Cold,307.15,34,34,20:24:24,20:39:00,W1,1.5,67,0,1.2,300,-0.039922981
W1_36C,154.1589546,-0.021110898,35.95601695,6/28/22,1,8,Predation,La Barcaza,Hprinceps,subtidal,22,Cold,309.15,36,36,21:11:18,21:26:13,W1,1.5,67,0,1.2,300,-0.021110898
W1_39C,135.8838492,-0.02199828,38.82312903,6/28/22,1,8,Predation,La Barcaza,Hprinceps,subtidal,22,Cold,312.15,39,39,22:05:02,22:20:41,W1,1.5,67,0,1.2,300,-0.02199828
W1_42C,123.990036,-0.021819812,41.61677465,6/28/22,1,8,Predation,La Barcaza,Hprinceps,subtidal,22,Cold,315.15,42,42,22:54:51,23:12:43,W1,1.5,67,0,1.2,300,-0.021819812
W3_16C,208.9001127,-0.014576364,16.01483333,6/28/22,3,8,Predation,La Barcaza,Hprinceps,subtidal,22,Cold,289.15,16,16,14:44:01,14:56:15,W3,1.5,67,0,1.2,300,-0.014576364
W3_20C,196.4778261,-0.026964175,20.20780952,6/28/22,3,8,Predation,La Barcaza,Hprinceps,subtidal,22,Cold,293.15,20,20,15:45:11,16:06:24,W3,1.5,67,0,1.2,300,-0.026964175
W3_22C,230.6970082,-0.006478155,22.14583117,6/28/22,3,8,Predation,La Barcaza,Hprinceps,subtidal,22,Cold,295.15,22,22,16:22:23,16:41:52,W3,1.5,67,0,1.2,300,-0.006478155
W3_24C,196.3843378,-0.00537141,24.10555385,6/28/22,3,8,Predation,La Barcaza,Hprinceps,subtidal,22,Cold,297.15,24,24,17:01:51,17:18:10,W3,1.5,67,0,1.2,300,-0.00537141
W3_26C,201.715157,-0.011714512,26.25398246,6/28/22,3,8,Predation,La Barcaza,Hprinceps,subtidal,22,Cold,299.15,26,26,17:39:47,17:54:13,W3,1.5,67,0,1.2,300,-0.011714512
W3_28C,182.0162016,-0.020344433,28.00425532,6/28/22,3,8,Predation,La Barcaza,Hprinceps,subtidal,22,Cold,301.15,28,28,18:26:06,18:37:56,W3,1.5,67,0,1.2,300,-0.020344433
W3_30C,179.1392527,-0.052550513,29.9479,6/28/22,3,8,Predation,La Barcaza,Hprinceps,subtidal,22,Cold,303.15,30,30,19:01:51,19:16:58,W3,1.5,67,0,1.2,300,-0.052550513
W3_32C,159.081763,-0.044637015,32.03145283,6/28/22,3,8,Predation,La Barcaza,Hprinceps,subtidal,22,Cold,305.15,32,32,19:44:11,19:57:41,W3,1.5,67,0,1.2,300,-0.044637015
W3_34C,147.1078898,-0.03365327,33.98606897,6/28/22,3,8,Predation,La Barcaza,Hprinceps,subtidal,22,Cold,307.15,34,34,20:24:37,20:39:14,W3,1.5,67,0,1.2,300,-0.03365327
W3_36C,144.6655164,-0.014986772,35.90661905,6/28/22,3,8,Predation,La Barcaza,Hprinceps,subtidal,22,Cold,309.15,36,36,21:10:19,21:26:17,W3,1.5,67,0,1.2,300,-0.014986772
W3_39C,130.1028875,-0.015942321,38.80706061,6/28/22,3,8,Predation,La Barcaza,Hprinceps,subtidal,22,Cold,312.15,39,39,22:04:01,22:20:46,W3,1.5,67,0,1.2,300,-0.015942321
W3_42C,119.4012305,-0.01632183,41.66324286,6/28/22,3,8,Predation,La Barcaza,Hprinceps,subtidal,22,Cold,315.15,42,42,22:54:56,23:12:46,W3,1.5,67,0,1.2,300,-0.01632183
W5_16C,211.5688842,-0.006375648,15.98566265,6/28/22,5,8,Predation,La Barcaza,Hprinceps,subtidal,22,Cold,289.15,16,16,14:39:11,15:00:10,W5,1.5,45,0,1.2,300,-0.006375648
W5_20C,201.4753184,-0.01146258,20.23317778,6/28/22,5,8,Predation,La Barcaza,Hprinceps,subtidal,22,Cold,293.15,20,20,15:55:02,16:06:26,W5,1.5,45,0,1.2,300,-0.01146258
W5_22C,266.0625229,-0.035892476,22.20868919,6/28/22,5,8,Predation,La Barcaza,Hprinceps,subtidal,22,Cold,295.15,22,22,16:22:25,16:41:04,W5,1.5,45,0,1.2,300,-0.035892476
W5_24C,238.3115378,-0.065286496,24.154275,6/28/22,5,8,Predation,La Barcaza,Hprinceps,subtidal,22,Cold,297.15,24,24,17:00:22,17:10:29,W5,1.5,45,0,1.2,300,-0.065286496
W5_26C,221.5986279,-0.060594673,26.28174194,6/28/22,5,8,Predation,La Barcaza,Hprinceps,subtidal,22,Cold,299.15,26,26,17:40:53,17:56:34,W5,1.5,45,0,1.2,300,-0.060594673
W5_28C,202.4957773,-0.039480236,28.00870588,6/28/22,5,8,Predation,La Barcaza,Hprinceps,subtidal,22,Cold,301.15,28,28,18:16:32,18:37:58,W5,1.5,45,0,1.2,300,-0.039480236
W5_30C,201.1456724,-0.044893712,29.90551667,6/28/22,5,8,Predation,La Barcaza,Hprinceps,subtidal,22,Cold,303.15,30,30,19:01:54,19:17:03,W5,1.5,45,0,1.2,300,-0.044893712
W5_32C,159.2890367,-0.053161667,32.06727586,6/28/22,5,8,Predation,La Barcaza,Hprinceps,subtidal,22,Cold,305.15,32,32,19:50:24,19:57:45,W5,1.5,45,0,1.2,300,-0.053161667
W5_34C,189.2128056,-0.042121685,33.82577586,6/28/22,5,8,Predation,La Barcaza,Hprinceps,subtidal,22,Cold,307.15,34,34,20:24:47,20:39:22,W5,1.5,45,0,1.2,300,-0.042121685
W5_36C,172.7895366,-0.014924629,35.94654386,6/28/22,5,8,Predation,La Barcaza,Hprinceps,subtidal,22,Cold,309.15,36,36,21:11:56,21:26:21,W5,1.5,45,0,1.2,300,-0.014924629
W5_39C,151.8905933,-0.007666355,38.914,6/28/22,5,8,Predation,La Barcaza,Hprinceps,subtidal,22,Cold,312.15,39,39,22:04:21,22:20:49,W5,1.5,45,0,1.2,300,-0.007666355
W5_42C,139.4786873,-0.015432933,41.74314286,6/28/22,5,8,Predation,La Barcaza,Hprinceps,subtidal,22,Cold,315.15,42,42,22:56:49,23:12:52,W5,1.5,45,0,1.2,300,-0.015432933
W6_20C,204.9878635,-0.017601901,20.215625,6/28/22,6,8,Predation,La Barcaza,Hprinceps,subtidal,22,Cold,293.15,20,20,15:44:23,16:06:28,W6,1.5,48,0,1.2,300,-0.017601901
W6_22C,246.5771449,-0.022151351,22.22129487,6/28/22,6,8,Predation,La Barcaza,Hprinceps,subtidal,22,Cold,295.15,22,22,16:22:28,16:42:00,W6,1.5,48,0,1.2,300,-0.022151351
W6_24C,244.4654769,-0.021211421,24.15143137,6/28/22,6,8,Predation,La Barcaza,Hprinceps,subtidal,22,Cold,297.15,24,24,17:05:31,17:18:18,W6,1.5,48,0,1.2,300,-0.021211421
W6_26C,236.5850945,-0.008131479,26.17580435,6/28/22,6,8,Predation,La Barcaza,Hprinceps,subtidal,22,Cold,299.15,26,26,17:39:52,17:51:37,W6,1.5,48,0,1.2,300,-0.008131479
W6_28C,208.0630877,-0.029096323,28.0616,6/28/22,6,8,Predation,La Barcaza,Hprinceps,subtidal,22,Cold,301.15,28,28,18:16:34,18:38:01,W6,1.5,48,0,1.2,300,-0.029096323
W6_30C,184.002471,-0.03933424,30.03108333,6/28/22,6,8,Predation,La Barcaza,Hprinceps,subtidal,22,Cold,303.15,30,30,19:01:56,19:17:06,W6,1.5,48,0,1.2,300,-0.03933424
W6_32C,165.7370826,-0.037607777,32.083,6/28/22,6,8,Predation,La Barcaza,Hprinceps,subtidal,22,Cold,305.15,32,32,19:40:55,19:57:49,W6,1.5,48,0,1.2,300,-0.037607777
W6_34C,162.5775238,-0.021247304,34.03622807,6/28/22,6,8,Predation,La Barcaza,Hprinceps,subtidal,22,Cold,307.15,34,34,20:24:56,20:39:28,W6,1.5,48,0,1.2,300,-0.021247304
W6_36C,163.9464593,-0.011862657,36.16209836,6/28/22,6,8,Predation,La Barcaza,Hprinceps,subtidal,22,Cold,309.15,36,36,21:10:54,21:26:24,W6,1.5,48,0,1.2,300,-0.011862657
W6_39C,146.0509436,-0.014155973,38.97116667,6/28/22,6,8,Predation,La Barcaza,Hprinceps,subtidal,22,Cold,312.15,39,39,22:04:11,22:20:52,W6,1.5,48,0,1.2,300,-0.014155973
W6_42C,122.2568346,-0.004677718,41.96163492,6/28/22,6,8,Predation,La Barcaza,Hprinceps,subtidal,22,Cold,315.15,42,42,22:56:52,23:12:56,W6,1.5,48,0,1.2,300,-0.004677718
W8_16C,176.810904,-0.009654,16.12269231,6/28/22,8,8,Predation,La Barcaza,Hprinceps,subtidal,22,Cold,289.15,16,16,14:37:11,14:46:59,W8,1.5,55,0,1.2,300,-0.009654
W8_20C,172.1291933,-0.020643754,22.62184091,6/28/22,8,8,Predation,La Barcaza,Hprinceps,subtidal,22,Cold,293.15,20,20,15:44:25,15:55:35,W8,1.5,55,0,1.2,300,-0.020643754
W8_22C,218.2298321,-0.010684614,22.13009524,6/28/22,8,8,Predation,La Barcaza,Hprinceps,subtidal,22,Cold,295.15,22,22,16:22:31,16:38:19,W8,1.5,55,0,1.2,300,-0.010684614
W8_24C,203.916658,-0.042686437,23.99804878,6/28/22,8,8,Predation,La Barcaza,Hprinceps,subtidal,22,Cold,297.15,24,24,17:00:31,17:11:02,W8,1.5,55,0,1.2,300,-0.042686437
W8_26C,195.8975197,-0.008344377,26.14529787,6/28/22,8,8,Predation,La Barcaza,Hprinceps,subtidal,22,Cold,299.15,26,26,17:39:54,17:51:46,W8,1.5,55,0,1.2,300,-0.008344377
W8_28C,180.269324,-0.016382194,28.028,6/28/22,8,8,Predation,La Barcaza,Hprinceps,subtidal,22,Cold,301.15,28,28,18:21:47,18:38:03,W8,1.5,55,0,1.2,300,-0.016382194
W8_30C,173.1657864,-0.07750493,30.00303509,6/28/22,8,8,Predation,La Barcaza,Hprinceps,subtidal,22,Cold,303.15,30,30,19:01:59,19:16:16,W8,1.5,55,0,1.2,300,-0.07750493
W8_32C,160.9094248,-0.006895022,32.23271233,6/28/22,8,8,Predation,La Barcaza,Hprinceps,subtidal,22,Cold,305.15,32,32,19:39:31,19:57:53,W8,1.5,55,0,1.2,300,-0.006895022
W8_34C,156.2029819,-0.121917339,33.98582456,6/28/22,8,8,Predation,La Barcaza,Hprinceps,subtidal,22,Cold,307.15,34,34,20:25:10,20:39:32,W8,1.5,55,0,1.2,300,-0.121917339
W8_36C,135.4428601,-0.01570892,35.94985484,6/28/22,8,8,Predation,La Barcaza,Hprinceps,subtidal,22,Cold,309.15,36,36,21:10:35,21:26:13,W8,1.5,55,0,1.2,300,-0.01570892
W8_39C,113.5528987,-0.008287849,38.87207692,6/28/22,8,8,Predation,La Barcaza,Hprinceps,subtidal,22,Cold,312.15,39,39,22:07:53,22:20:55,W8,1.5,55,0,1.2,300,-0.008287849
W8_42C,103.9791173,-0.003880257,41.78357143,6/28/22,8,8,Predation,La Barcaza,Hprinceps,subtidal,22,Cold,315.15,42,42,22:55:17,23:13:00,W8,1.5,55,0,1.2,300,-0.003880257
Hcumingi_16C_1_O2,129.1544475,-0.028278927,16.35382222,NA,1,1,Predation,Tijeretas,Hcumingi,intertidal,20,Cold,289.15,16,16,11:13:03,11:17:17,Hcumingi1,1.5,49,0,1500,1.1,-0.028278927
Hcumingi_16C_3_O2,180.0703059,-0.1648594,16.36512667,NA,3,3,Predation,Tijeretas,Hcumingi,intertidal,20,Cold,289.15,16,16,11:06:41,11:19:39,Hcumingi3,1.5,39,0,1500,1.1,-0.1648594
Hcumingi_16C_5_O2,220.8001115,-0.142683529,16.47210345,NA,5,5,Predation,Tijeretas,Hcumingi,intertidal,20,Cold,289.15,16,16,11:16:49,11:19:42,Hcumingi5,1.5,100,0,1500,0.94,-0.142683529
Hcumingi_16C_6_O2,233.1364469,-0.150845162,16.44363687,NA,6,6,Predation,Tijeretas,Hcumingi,intertidal,20,Cold,289.15,16,16,11:04:22,11:19:45,Hcumingi6,1.5,79,0,1500,1,-0.150845162
Hcumingi_16C_8_O2,247.4386904,-0.127761931,16.35265169,NA,8,8,Predation,Tijeretas,Hcumingi,intertidal,20,Cold,289.15,16,16,11:04:29,11:19:48,Hcumingi8,1.5,23,0,1500,1.28,-0.127761931
Hcumingi_18C_1_O2,217.3199276,-0.017569187,18.64287333,NA,1,1,Predation,Tijeretas,Hcumingi,intertidal,20,Cold,291.15,18,18,11:41:12,11:54:09,Hcumingi1,1.5,49,0,1500,1.1,-0.017569187
Hcumingi_18C_3_O2,199.3790332,-0.303290801,18.50065278,NA,3,3,Predation,Tijeretas,Hcumingi,intertidal,20,Cold,291.15,18,18,11:41:19,11:47:48,Hcumingi3,1.5,39,0,1500,1.1,-0.303290801
Hcumingi_18C_5_O2,238.9867743,-0.039683851,18.54766216,NA,5,5,Predation,Tijeretas,Hcumingi,intertidal,20,Cold,291.15,18,18,11:41:24,11:54:15,Hcumingi5,1.5,100,0,1500,0.94,-0.039683851
Hcumingi_18C_6_O2,284.1304762,-0.186734477,18.73208108,NA,6,6,Predation,Tijeretas,Hcumingi,intertidal,20,Cold,291.15,18,18,11:41:31,11:51:15,Hcumingi6,1.5,79,0,1500,1,-0.186734477
Hcumingi_18C_8_O2,210.9602654,-0.010614164,18.51889116,NA,8,8,Predation,Tijeretas,Hcumingi,intertidal,20,Cold,291.15,18,18,11:41:37,11:54:22,Hcumingi8,1.5,23,0,1500,1.28,-0.010614164
Hcumingi_20C_1_O2,240.7566676,-0.36132603,20.77586842,NA,1,1,Predation,Tijeretas,Hcumingi,intertidal,20,Cold,293.15,20,20,12:16:10,12:19:47,Hcumingi1,1.5,49,0,1500,1.1,-0.36132603
Hcumingi_20C_3_O2,210.0061595,-0.02961337,20.84556364,NA,3,3,Predation,Tijeretas,Hcumingi,intertidal,20,Cold,293.15,20,20,12:16:16,12:30:29,Hcumingi3,1.5,39,0,1500,1.1,-0.02961337
Hcumingi_20C_5_O2,253.6453748,-0.062167818,20.94979394,NA,5,5,Predation,Tijeretas,Hcumingi,intertidal,20,Cold,293.15,20,20,12:16:21,12:30:33,Hcumingi5,1.5,100,0,1500,0.94,-0.062167818
Hcumingi_20C_6_O2,104.0892265,-0.09245428,20.77597872,NA,6,6,Predation,Tijeretas,Hcumingi,intertidal,20,Cold,293.15,20,20,12:22:17,12:30:36,Hcumingi6,1.5,79,0,1500,1,-0.09245428
Hcumingi_20C_8_O2,148.9318893,-0.041299831,20.83159524,NA,8,8,Predation,Tijeretas,Hcumingi,intertidal,20,Cold,293.15,20,20,12:16:32,12:20:33,Hcumingi8,1.5,23,0,1500,1.28,-0.041299831
Hcumingi_22C_1_O2,208.4312653,-0.033801337,22.54411852,NA,1,1,Predation,Tijeretas,Hcumingi,intertidal,20,Cold,295.15,22,22,13:09:46,13:21:32,Hcumingi1,1.5,49,0,1500,1.1,-0.033801337
Hcumingi_22C_3_O2,208.5912446,-0.0092581,22.55016176,NA,3,3,Predation,Tijeretas,Hcumingi,intertidal,20,Cold,295.15,22,22,13:09:48,13:21:36,Hcumingi3,1.5,39,0,1500,1.1,-0.0092581
Hcumingi_22C_5_O2,235.2710739,-0.066964748,22.6318,NA,5,5,Predation,Tijeretas,Hcumingi,intertidal,20,Cold,295.15,22,22,13:09:57,13:21:39,Hcumingi5,1.5,100,0,1500,0.94,-0.066964748
Hcumingi_22C_6_O2,239.9288978,-0.035801666,22.61354887,NA,6,6,Predation,Tijeretas,Hcumingi,intertidal,20,Cold,295.15,22,22,13:10:06,13:21:42,Hcumingi6,1.5,79,0,1500,1,-0.035801666
Hcumingi_22C_8_O2,200.1420928,-0.081268115,22.543,NA,8,8,Predation,Tijeretas,Hcumingi,intertidal,20,Cold,295.15,22,22,13:10:11,13:21:44,Hcumingi8,1.5,23,0,1500,1.28,-0.081268115
Hcumingi_24C_1_O2,199.1829449,-0.029374576,24.34431818,NA,1,1,Predation,Tijeretas,Hcumingi,intertidal,20,Cold,297.15,24,24,13:37:49,13:51:09,Hcumingi1,1.5,49,0,1500,1.1,-0.029374576
Hcumingi_24C_3_O2,203.5186048,-0.011597833,24.42013636,NA,3,3,Predation,Tijeretas,Hcumingi,intertidal,20,Cold,297.15,24,24,13:37:54,13:51:13,Hcumingi3,1.5,39,0,1500,1.1,-0.011597833
Hcumingi_24C_5_O2,237.3489439,-0.0913846,24.51763636,NA,5,5,Predation,Tijeretas,Hcumingi,intertidal,20,Cold,297.15,24,24,13:37:57,13:51:18,Hcumingi5,1.5,100,0,1500,0.94,-0.0913846
Hcumingi_24C_6_O2,183.3488716,-0.219429036,24.43325225,NA,6,6,Predation,Tijeretas,Hcumingi,intertidal,20,Cold,297.15,24,24,13:41:38,13:51:22,Hcumingi6,1.5,79,0,1500,1,-0.219429036
Hcumingi_24C_8_O2,156.235756,-0.049786519,24.39998305,NA,8,8,Predation,Tijeretas,Hcumingi,intertidal,20,Cold,297.15,24,24,13:41:09,13:51:26,Hcumingi8,1.5,23,0,1500,1.28,-0.049786519
Hcumingi_26C_1_O2,195.9415867,-0.040385285,26.09351724,NA,1,1,Predation,Tijeretas,Hcumingi,intertidal,20,Cold,299.15,26,26,14:07:18,14:19:54,Hcumingi1,1.5,49,0,1500,1.1,-0.040385285
Hcumingi_26C_3_O2,196.8007902,-0.013401817,26.0832,NA,3,3,Predation,Tijeretas,Hcumingi,intertidal,20,Cold,299.15,26,26,14:07:23,14:19:57,Hcumingi3,1.5,39,0,1500,1.1,-0.013401817
Hcumingi_26C_5_O2,223.5323114,-0.089126419,26.18730345,NA,5,5,Predation,Tijeretas,Hcumingi,intertidal,20,Cold,299.15,26,26,14:07:28,14:20:01,Hcumingi5,1.5,100,0,1500,0.94,-0.089126419
Hcumingi_26C_6_O2,229.4859819,-0.026935095,26.18029655,NA,6,6,Predation,Tijeretas,Hcumingi,intertidal,20,Cold,299.15,26,26,14:07:31,14:20:04,Hcumingi6,1.5,79,0,1500,1,-0.026935095
Hcumingi_26C_8_O2,173.7594233,-0.098148583,26.04581379,NA,8,8,Predation,Tijeretas,Hcumingi,intertidal,20,Cold,299.15,26,26,14:07:35,14:20:07,Hcumingi8,1.5,23,0,1500,1.28,-0.098148583
Hcumingi_28C_1_O2,185.501704,-0.03643034,28.0462953,NA,1,1,Predation,Tijeretas,Hcumingi,intertidal,20,Cold,301.15,28,28,14:34:57,14:47:52,Hcumingi1,1.5,49,0,1500,1.1,-0.03643034
Hcumingi_28C_3_O2,186.8203041,-0.026477657,28.07156376,NA,3,3,Predation,Tijeretas,Hcumingi,intertidal,20,Cold,301.15,28,28,14:35:01,14:47:55,Hcumingi3,1.5,39,0,1500,1.1,-0.026477657
Hcumingi_28C_5_O2,208.4709754,-0.094015485,28.11828188,NA,5,5,Predation,Tijeretas,Hcumingi,intertidal,20,Cold,301.15,28,28,14:35:05,14:47:58,Hcumingi5,1.5,100,0,1500,0.94,-0.094015485
Hcumingi_28C_6_O2,218.9010932,-0.014482673,28.14789189,NA,6,6,Predation,Tijeretas,Hcumingi,intertidal,20,Cold,301.15,28,28,14:35:10,14:48:01,Hcumingi6,1.5,79,0,1500,1,-0.014482673
Hcumingi_28C_8_O2,158.409657,-0.074549763,28.04215541,NA,8,8,Predation,Tijeretas,Hcumingi,intertidal,20,Cold,301.15,28,28,14:35:16,14:48:05,Hcumingi8,1.5,23,0,1500,1.28,-0.074549763
Hcumingi_30C_1_O2,176.9964215,-0.043849068,30.02308029,NA,1,1,Predation,Tijeretas,Hcumingi,intertidal,20,Cold,303.15,30,30,15:03:52,15:15:45,Hcumingi1,1.5,49,0,1500,1.1,-0.043849068
Hcumingi_30C_3_O2,165.843733,-0.014447845,29.96105109,NA,3,3,Predation,Tijeretas,Hcumingi,intertidal,20,Cold,303.15,30,30,15:03:57,15:15:49,Hcumingi3,1.5,39,0,1500,1.1,-0.014447845
Hcumingi_30C_5_O2,209.6399761,-0.015937482,30.09077206,NA,5,5,Predation,Tijeretas,Hcumingi,intertidal,20,Cold,303.15,30,30,15:04:03,15:15:54,Hcumingi5,1.5,100,0,1500,0.94,-0.015937482
Hcumingi_30C_6_O2,208.6017519,-0.024415652,30.05681752,NA,6,6,Predation,Tijeretas,Hcumingi,intertidal,20,Cold,303.15,30,30,15:04:06,15:16:00,Hcumingi6,1.5,79,0,1500,1,-0.024415652
Hcumingi_30C_8_O2,115.6631927,-0.290629091,29.941,NA,8,8,Predation,Tijeretas,Hcumingi,intertidal,20,Cold,303.15,30,30,15:11:00,15:13:15,Hcumingi8,1.5,23,0,1500,1.28,-0.290629091
Hcumingi_32C_1_O2,171.104164,-0.066689473,32.13676923,NA,1,1,Predation,Tijeretas,Hcumingi,intertidal,20,Cold,305.15,32,32,15:36:27,15:48:52,Hcumingi1,1.5,49,0,1500,1.1,-0.066689473
Hcumingi_32C_3_O2,145.8052412,-0.032348814,32.06000699,NA,3,3,Predation,Tijeretas,Hcumingi,intertidal,20,Cold,305.15,32,32,15:36:31,15:48:55,Hcumingi3,1.5,39,0,1500,1.1,-0.032348814
Hcumingi_32C_5_O2,180.0995507,-0.095150681,32.15581308,NA,5,5,Predation,Tijeretas,Hcumingi,intertidal,20,Cold,305.15,32,32,15:36:36,15:46:02,Hcumingi5,1.5,100,0,1500,0.94,-0.095150681
Hcumingi_32C_6_O2,184.5268126,-0.02741223,32.12843885,NA,6,6,Predation,Tijeretas,Hcumingi,intertidal,20,Cold,305.15,32,32,15:36:59,15:49:02,Hcumingi6,1.5,79,0,1500,1,-0.02741223
Hcumingi_32C_8_O2,137.5065187,-0.093404225,32.04447101,NA,8,8,Predation,Tijeretas,Hcumingi,intertidal,20,Cold,305.15,32,32,15:37:05,15:49:06,Hcumingi8,1.5,23,0,1500,1.28,-0.093404225
Hcumingi_34C_1_O2,141.084832,-0.041349001,34.04826812,NA,1,1,Predation,Tijeretas,Hcumingi,intertidal,20,Cold,307.15,34,34,16:07:09,16:19:09,Hcumingi1,1.5,49,0,1500,1.1,-0.041349001
Hcumingi_34C_3_O2,142.6413105,-0.011617559,34.00039855,NA,3,3,Predation,Tijeretas,Hcumingi,intertidal,20,Cold,307.15,34,34,16:07:13,16:19:12,Hcumingi3,1.5,39,0,1500,1.1,-0.011617559
Hcumingi_34C_5_O2,158.2259606,-0.085289254,34.07139416,NA,5,5,Predation,Tijeretas,Hcumingi,intertidal,20,Cold,307.15,34,34,16:07:19,16:19:15,Hcumingi5,1.5,100,0,1500,0.94,-0.085289254
Hcumingi_34C_6_O2,183.016912,-0.037256328,34.05407299,NA,6,6,Predation,Tijeretas,Hcumingi,intertidal,20,Cold,307.15,34,34,16:07:23,16:19:18,Hcumingi6,1.5,79,0,1500,1,-0.037256328
Hcumingi_34C_8_O2,102.074368,-0.091616614,33.97560465,NA,8,8,Predation,Tijeretas,Hcumingi,intertidal,20,Cold,307.15,34,34,16:11:43,16:19:22,Hcumingi8,1.5,23,0,1500,1.28,-0.091616614
Hcumingi_36C_1_O2,127.0072171,-0.043297011,35.89698667,NA,1,1,Predation,Tijeretas,Hcumingi,intertidal,20,Cold,309.15,36,36,16:37:19,16:50:20,Hcumingi1,1.5,49,0,1500,1.1,-0.043297011
Hcumingi_36C_3_O2,128.2255379,-0.043967075,35.83410667,NA,3,3,Predation,Tijeretas,Hcumingi,intertidal,20,Cold,309.15,36,36,16:37:23,16:50:24,Hcumingi3,1.5,39,0,1500,1.1,-0.043967075
Hcumingi_36C_5_O2,141.6799769,-0.066498054,35.93558,NA,5,5,Predation,Tijeretas,Hcumingi,intertidal,20,Cold,309.15,36,36,16:37:29,16:50:28,Hcumingi5,1.5,100,0,1500,0.94,-0.066498054
Hcumingi_36C_6_O2,178.6591737,-0.192108884,35.92834286,NA,6,6,Predation,Tijeretas,Hcumingi,intertidal,20,Cold,309.15,36,36,16:37:32,16:46:47,Hcumingi6,1.5,79,0,1500,1,-0.192108884
Hcumingi_36C_8_O2,106.2438094,-0.067893769,35.82460952,NA,8,8,Predation,Tijeretas,Hcumingi,intertidal,20,Cold,309.15,36,36,16:41:30,16:50:44,Hcumingi8,1.5,23,0,1500,1.28,-0.067893769
Hcumingi_39C_1_O2,110.8088668,-0.029015508,38.89543506,NA,1,1,Predation,Tijeretas,Hcumingi,intertidal,20,Cold,312.15,39,39,17:15:38,17:28:58,Hcumingi1,1.5,49,0,1500,1.1,-0.029015508
Hcumingi_39C_3_O2,112.3649201,-0.016911354,38.82222727,NA,3,3,Predation,Tijeretas,Hcumingi,intertidal,20,Cold,312.15,39,39,17:15:42,17:29:02,Hcumingi3,1.5,39,0,1500,1.1,-0.016911354
Hcumingi_39C_5_O2,129.8446486,-0.042224284,38.89108442,NA,5,5,Predation,Tijeretas,Hcumingi,intertidal,20,Cold,312.15,39,39,17:15:45,17:29:06,Hcumingi5,1.5,100,0,1500,0.94,-0.042224284
Hcumingi_39C_6_O2,132.9943986,-0.060249197,38.98638961,NA,6,6,Predation,Tijeretas,Hcumingi,intertidal,20,Cold,312.15,39,39,17:15:52,17:29:09,Hcumingi6,1.5,79,0,1500,1,-0.060249197
Hcumingi_39C_8_O2,103.5556995,-0.050449842,38.72294771,NA,8,8,Predation,Tijeretas,Hcumingi,intertidal,20,Cold,312.15,39,39,17:15:58,17:29:13,Hcumingi8,1.5,23,0,1500,1.28,-0.050449842
Hcumingi_41C_1_O2,100.860236,-0.029613031,41.00750676,NA,1,1,Predation,Tijeretas,Hcumingi,intertidal,20,Cold,314.15,41,41,17:49:20,18:02:10,Hcumingi1,1.5,49,0,1500,1.1,-0.029613031
Hcumingi_41C_3_O2,96.62821504,-0.027915818,41.10524324,NA,3,3,Predation,Tijeretas,Hcumingi,intertidal,20,Cold,314.15,41,41,17:49:24,18:02:13,Hcumingi3,1.5,39,0,1500,1.1,-0.027915818
Hcumingi_41C_5_O2,118.768981,-0.053272093,41.32012838,NA,5,5,Predation,Tijeretas,Hcumingi,intertidal,20,Cold,314.15,41,41,17:49:27,18:02:16,Hcumingi5,1.5,100,0,1500,0.94,-0.053272093
Hcumingi_41C_6_O2,138.5967517,-0.114994757,41.03587075,NA,6,6,Predation,Tijeretas,Hcumingi,intertidal,20,Cold,314.15,41,41,17:49:35,18:02:19,Hcumingi6,1.5,79,0,1500,1,-0.114994757
Hcumingi_41C_8_O2,84.95923865,-0.026022104,41.14543151,NA,8,8,Predation,Tijeretas,Hcumingi,intertidal,20,Cold,314.15,41,41,17:49:42,18:02:23,Hcumingi8,,,,,,-0.026022104